avr-bmc	/home/benchmarks/beem/QF_BV/adding.1.prop1-back-serstep.btor.smv	sat	1.658211
avr-bmc	/home/benchmarks/beem/QF_BV/adding.1.prop1-func-interl.btor.smv	sat	2.254825
avr-bmc	/home/benchmarks/beem/QF_BV/adding.2.prop1-back-serstep.btor.smv	sat	5.038108
avr-bmc	/home/benchmarks/beem/QF_BV/adding.2.prop1-func-interl.btor.smv	sat	4.957308
avr-bmc	/home/benchmarks/beem/QF_BV/adding.3.prop1-back-serstep.btor.smv	sat	7.757502
avr-bmc	/home/benchmarks/beem/QF_BV/adding.3.prop1-func-interl.btor.smv	sat	13.847509
avr-bmc	/home/benchmarks/beem/QF_BV/adding.4.prop1-back-serstep.btor.smv	sat	12.009706
avr-bmc	/home/benchmarks/beem/QF_BV/adding.4.prop1-func-interl.btor.smv	sat	9.214448
avr-bmc	/home/benchmarks/beem/QF_BV/adding.5.prop1-back-serstep.btor.smv	sat	10.023698
avr-bmc	/home/benchmarks/beem/QF_BV/adding.5.prop1-func-interl.btor.smv	sat	12.110353
avr-bmc	/home/benchmarks/beem/QF_BV/adding.6.prop1-back-serstep.btor.smv	sat	7.980457
avr-bmc	/home/benchmarks/beem/QF_BV/adding.6.prop1-func-interl.btor.smv	sat	22.231868
avr-bmc	/home/benchmarks/beem/QF_BV/anderson.1.prop1-back-serstep.btor.smv	sat	1.962809
avr-bmc	/home/benchmarks/beem/QF_BV/anderson.1.prop1-func-interl.btor.smv	sat	2.169394
avr-bmc	/home/benchmarks/beem/QF_BV/anderson.2.prop1-back-serstep.btor.smv	timeout	
avr-bmc	/home/benchmarks/beem/QF_BV/anderson.2.prop1-func-interl.btor.smv	timeout	
avr-bmc	/home/benchmarks/beem/QF_BV/anderson.3.prop1-back-serstep.btor.smv	sat	3.012652
avr-bmc	/home/benchmarks/beem/QF_BV/anderson.3.prop1-func-interl.btor.smv	sat	4.151362
avr-bmc	/home/benchmarks/beem/QF_BV/anderson.4.prop1-back-serstep.btor.smv	timeout	
avr-bmc	/home/benchmarks/beem/QF_BV/anderson.4.prop1-func-interl.btor.smv	timeout	
avr-bmc	/home/benchmarks/beem/QF_BV/anderson.5.prop1-back-serstep.btor.smv	sat	2.709076
avr-bmc	/home/benchmarks/beem/QF_BV/anderson.5.prop1-func-interl.btor.smv	sat	123.605516
avr-bmc	/home/benchmarks/beem/QF_BV/anderson.6.prop1-back-serstep.btor.smv	timeout	
avr-bmc	/home/benchmarks/beem/QF_BV/anderson.6.prop1-func-interl.btor.smv	timeout	
avr-bmc	/home/benchmarks/beem/QF_BV/anderson.7.prop1-back-serstep.btor.smv	sat	2.813384
avr-bmc	/home/benchmarks/beem/QF_BV/anderson.7.prop1-func-interl.btor.smv	sat	565.745186
avr-bmc	/home/benchmarks/beem/QF_BV/anderson.8.prop1-back-serstep.btor.smv	timeout	
avr-bmc	/home/benchmarks/beem/QF_BV/anderson.8.prop1-func-interl.btor.smv	timeout	
avr-bmc	/home/benchmarks/beem/QF_BV/at.1.prop1-back-serstep.btor.smv	timeout	
avr-bmc	/home/benchmarks/beem/QF_BV/at.1.prop1-func-interl.btor.smv	timeout	
avr-bmc	/home/benchmarks/beem/QF_BV/at.2.prop1-back-serstep.btor.smv	sat	4.312275
avr-bmc	/home/benchmarks/beem/QF_BV/at.2.prop1-func-interl.btor.smv	sat	6.170454
avr-bmc	/home/benchmarks/beem/QF_BV/at.3.prop1-back-serstep.btor.smv	sat	6.064965
avr-bmc	/home/benchmarks/beem/QF_BV/at.3.prop1-func-interl.btor.smv	sat	14.326686
avr-bmc	/home/benchmarks/beem/QF_BV/at.4.prop1-back-serstep.btor.smv	timeout	
avr-bmc	/home/benchmarks/beem/QF_BV/at.4.prop1-func-interl.btor.smv	timeout	
avr-bmc	/home/benchmarks/beem/QF_BV/at.5.prop1-back-serstep.btor.smv	timeout	
avr-bmc	/home/benchmarks/beem/QF_BV/at.5.prop1-func-interl.btor.smv	timeout	
avr-bmc	/home/benchmarks/beem/QF_BV/at.6.prop1-back-serstep.btor.smv	sat	23.779957
avr-bmc	/home/benchmarks/beem/QF_BV/at.6.prop1-func-interl.btor.smv	sat	21.880086
avr-bmc	/home/benchmarks/beem/QF_BV/at.7.prop1-back-serstep.btor.smv	timeout	
avr-bmc	/home/benchmarks/beem/QF_BV/at.7.prop1-func-interl.btor.smv	timeout	
avr-bmc	/home/benchmarks/beem/QF_BV/bakery.1.prop1-back-serstep.btor.smv	timeout	
avr-bmc	/home/benchmarks/beem/QF_BV/bakery.1.prop1-func-interl.btor.smv	memout	
avr-bmc	/home/benchmarks/beem/QF_BV/bakery.2.prop1-back-serstep.btor.smv	sat	2.526229
avr-bmc	/home/benchmarks/beem/QF_BV/bakery.2.prop1-func-interl.btor.smv	sat	4.364689
avr-bmc	/home/benchmarks/beem/QF_BV/bakery.3.prop1-back-serstep.btor.smv	timeout	
avr-bmc	/home/benchmarks/beem/QF_BV/bakery.3.prop1-func-interl.btor.smv	timeout	
avr-bmc	/home/benchmarks/beem/QF_BV/bakery.4.prop1-back-serstep.btor.smv	sat	2.431512
avr-bmc	/home/benchmarks/beem/QF_BV/bakery.4.prop1-func-interl.btor.smv	sat	9.593864
avr-bmc	/home/benchmarks/beem/QF_BV/bakery.5.prop1-back-serstep.btor.smv	timeout	
avr-bmc	/home/benchmarks/beem/QF_BV/bakery.5.prop1-func-interl.btor.smv	timeout	
avr-bmc	/home/benchmarks/beem/QF_BV/bakery.6.prop1-back-serstep.btor.smv	sat	5.842494
avr-bmc	/home/benchmarks/beem/QF_BV/bakery.6.prop1-func-interl.btor.smv	sat	71.689923
avr-bmc	/home/benchmarks/beem/QF_BV/bakery.7.prop1-back-serstep.btor.smv	timeout	
avr-bmc	/home/benchmarks/beem/QF_BV/bakery.7.prop1-func-interl.btor.smv	timeout	
avr-bmc	/home/benchmarks/beem/QF_BV/bakery.8.prop1-back-serstep.btor.smv	timeout	
avr-bmc	/home/benchmarks/beem/QF_BV/bakery.8.prop1-func-interl.btor.smv	timeout	
avr-bmc	/home/benchmarks/beem/QF_BV/blocks.2.prop1-back-serstep.btor.smv	timeout	
avr-bmc	/home/benchmarks/beem/QF_BV/blocks.2.prop1-func-interl.btor.smv	timeout	
avr-bmc	/home/benchmarks/beem/QF_BV/blocks.3.prop1-back-serstep.btor.smv	sat	718.536762
avr-bmc	/home/benchmarks/beem/QF_BV/blocks.3.prop1-func-interl.btor.smv	sat	26.892819
avr-bmc	/home/benchmarks/beem/QF_BV/blocks.4.prop1-back-serstep.btor.smv	timeout	
avr-bmc	/home/benchmarks/beem/QF_BV/blocks.4.prop1-func-interl.btor.smv	sat	1310.264846
avr-bmc	/home/benchmarks/beem/QF_BV/bridge.1.prop1-back-serstep.btor.smv	sat	9.18499
avr-bmc	/home/benchmarks/beem/QF_BV/bridge.1.prop1-func-interl.btor.smv	sat	5.246699
avr-bmc	/home/benchmarks/beem/QF_BV/bridge.2.prop1-back-serstep.btor.smv	sat	696.516559
avr-bmc	/home/benchmarks/beem/QF_BV/bridge.2.prop1-func-interl.btor.smv	sat	33.310453
avr-bmc	/home/benchmarks/beem/QF_BV/bridge.3.prop1-back-serstep.btor.smv	timeout	
avr-bmc	/home/benchmarks/beem/QF_BV/bridge.3.prop1-func-interl.btor.smv	sat	157.961759
avr-bmc	/home/benchmarks/beem/QF_BV/brp.1.prop1-back-serstep.btor.smv	timeout	
avr-bmc	/home/benchmarks/beem/QF_BV/brp.1.prop1-func-interl.btor.smv	timeout	
avr-bmc	/home/benchmarks/beem/QF_BV/brp.2.prop1-back-serstep.btor.smv	sat	3.435967
avr-bmc	/home/benchmarks/beem/QF_BV/brp.2.prop1-func-interl.btor.smv	sat	6.296463
avr-bmc	/home/benchmarks/beem/QF_BV/brp.3.prop1-back-serstep.btor.smv	sat	2.883634
avr-bmc	/home/benchmarks/beem/QF_BV/brp.3.prop1-func-interl.btor.smv	sat	11.568288
avr-bmc	/home/benchmarks/beem/QF_BV/brp.4.prop1-back-serstep.btor.smv	sat	3.006068
avr-bmc	/home/benchmarks/beem/QF_BV/brp.4.prop1-func-interl.btor.smv	sat	10.860309
avr-bmc	/home/benchmarks/beem/QF_BV/brp.5.prop1-back-serstep.btor.smv	sat	5.611664
avr-bmc	/home/benchmarks/beem/QF_BV/brp.5.prop1-func-interl.btor.smv	sat	11.18153
avr-bmc	/home/benchmarks/beem/QF_BV/brp.6.prop1-back-serstep.btor.smv	sat	3.614176
avr-bmc	/home/benchmarks/beem/QF_BV/brp.6.prop1-func-interl.btor.smv	sat	16.258514
avr-bmc	/home/benchmarks/beem/QF_BV/brp2.1.prop1-back-serstep.btor.smv	sat	28.505702
avr-bmc	/home/benchmarks/beem/QF_BV/brp2.1.prop1-func-interl.btor.smv	sat	65.570047
avr-bmc	/home/benchmarks/beem/QF_BV/brp2.1.prop2-back-serstep.btor.smv	timeout	
avr-bmc	/home/benchmarks/beem/QF_BV/brp2.1.prop2-func-interl.btor.smv	timeout	
avr-bmc	/home/benchmarks/beem/QF_BV/brp2.1.prop3-back-serstep.btor.smv	timeout	
avr-bmc	/home/benchmarks/beem/QF_BV/brp2.1.prop3-func-interl.btor.smv	timeout	
avr-bmc	/home/benchmarks/beem/QF_BV/brp2.2.prop1-back-serstep.btor.smv	sat	2557.770538
avr-bmc	/home/benchmarks/beem/QF_BV/brp2.2.prop1-func-interl.btor.smv	timeout	
avr-bmc	/home/benchmarks/beem/QF_BV/brp2.2.prop2-back-serstep.btor.smv	timeout	
avr-bmc	/home/benchmarks/beem/QF_BV/brp2.2.prop2-func-interl.btor.smv	timeout	
avr-bmc	/home/benchmarks/beem/QF_BV/brp2.2.prop3-back-serstep.btor.smv	sat	1186.337036
avr-bmc	/home/benchmarks/beem/QF_BV/brp2.2.prop3-func-interl.btor.smv	sat	984.508939
avr-bmc	/home/benchmarks/beem/QF_BV/brp2.3.prop1-back-serstep.btor.smv	sat	30.003571
avr-bmc	/home/benchmarks/beem/QF_BV/brp2.3.prop1-func-interl.btor.smv	sat	40.614484
avr-bmc	/home/benchmarks/beem/QF_BV/brp2.3.prop2-back-serstep.btor.smv	timeout	
avr-bmc	/home/benchmarks/beem/QF_BV/brp2.3.prop2-func-interl.btor.smv	timeout	
avr-bmc	/home/benchmarks/beem/QF_BV/brp2.3.prop3-back-serstep.btor.smv	timeout	
avr-bmc	/home/benchmarks/beem/QF_BV/brp2.3.prop3-func-interl.btor.smv	timeout	
avr-bmc	/home/benchmarks/beem/QF_BV/brp2.4.prop1-back-serstep.btor.smv	sat	149.010523
avr-bmc	/home/benchmarks/beem/QF_BV/brp2.4.prop1-func-interl.btor.smv	sat	284.045348
avr-bmc	/home/benchmarks/beem/QF_BV/brp2.4.prop2-back-serstep.btor.smv	timeout	
avr-bmc	/home/benchmarks/beem/QF_BV/brp2.4.prop2-func-interl.btor.smv	timeout	
avr-bmc	/home/benchmarks/beem/QF_BV/brp2.4.prop3-back-serstep.btor.smv	timeout	
avr-bmc	/home/benchmarks/beem/QF_BV/brp2.4.prop3-func-interl.btor.smv	timeout	
avr-bmc	/home/benchmarks/beem/QF_BV/brp2.5.prop1-back-serstep.btor.smv	sat	120.161169
avr-bmc	/home/benchmarks/beem/QF_BV/brp2.5.prop1-func-interl.btor.smv	sat	499.88073
avr-bmc	/home/benchmarks/beem/QF_BV/brp2.5.prop2-back-serstep.btor.smv	timeout	
avr-bmc	/home/benchmarks/beem/QF_BV/brp2.5.prop2-func-interl.btor.smv	timeout	
avr-bmc	/home/benchmarks/beem/QF_BV/brp2.5.prop3-back-serstep.btor.smv	timeout	
avr-bmc	/home/benchmarks/beem/QF_BV/brp2.5.prop3-func-interl.btor.smv	timeout	
avr-bmc	/home/benchmarks/beem/QF_BV/brp2.6.prop1-back-serstep.btor.smv	sat	865.72848
avr-bmc	/home/benchmarks/beem/QF_BV/brp2.6.prop1-func-interl.btor.smv	timeout	
avr-bmc	/home/benchmarks/beem/QF_BV/brp2.6.prop2-back-serstep.btor.smv	timeout	
avr-bmc	/home/benchmarks/beem/QF_BV/brp2.6.prop2-func-interl.btor.smv	timeout	
avr-bmc	/home/benchmarks/beem/QF_BV/brp2.6.prop3-back-serstep.btor.smv	timeout	
avr-bmc	/home/benchmarks/beem/QF_BV/brp2.6.prop3-func-interl.btor.smv	timeout	
avr-bmc	/home/benchmarks/beem/QF_BV/cambridge.1.prop1-back-serstep.btor.smv	timeout	
avr-bmc	/home/benchmarks/beem/QF_BV/cambridge.1.prop1-func-interl.btor.smv	timeout	
avr-bmc	/home/benchmarks/beem/QF_BV/cambridge.1.prop2-back-serstep.btor.smv	timeout	
avr-bmc	/home/benchmarks/beem/QF_BV/cambridge.1.prop2-func-interl.btor.smv	timeout	
avr-bmc	/home/benchmarks/beem/QF_BV/cambridge.2.prop1-back-serstep.btor.smv	sat	59.81998
avr-bmc	/home/benchmarks/beem/QF_BV/cambridge.2.prop1-func-interl.btor.smv	sat	12.20393
avr-bmc	/home/benchmarks/beem/QF_BV/cambridge.2.prop2-back-serstep.btor.smv	timeout	
avr-bmc	/home/benchmarks/beem/QF_BV/cambridge.2.prop2-func-interl.btor.smv	timeout	
avr-bmc	/home/benchmarks/beem/QF_BV/cambridge.3.prop1-back-serstep.btor.smv	timeout	
avr-bmc	/home/benchmarks/beem/QF_BV/cambridge.3.prop1-func-interl.btor.smv	timeout	
avr-bmc	/home/benchmarks/beem/QF_BV/cambridge.3.prop2-back-serstep.btor.smv	timeout	
avr-bmc	/home/benchmarks/beem/QF_BV/cambridge.3.prop2-func-interl.btor.smv	timeout	
avr-bmc	/home/benchmarks/beem/QF_BV/cambridge.4.prop1-back-serstep.btor.smv	timeout	
avr-bmc	/home/benchmarks/beem/QF_BV/cambridge.4.prop1-func-interl.btor.smv	timeout	
avr-bmc	/home/benchmarks/beem/QF_BV/cambridge.4.prop2-back-serstep.btor.smv	timeout	
avr-bmc	/home/benchmarks/beem/QF_BV/cambridge.4.prop2-func-interl.btor.smv	timeout	
avr-bmc	/home/benchmarks/beem/QF_BV/cambridge.5.prop1-back-serstep.btor.smv	timeout	
avr-bmc	/home/benchmarks/beem/QF_BV/cambridge.5.prop1-func-interl.btor.smv	timeout	
avr-bmc	/home/benchmarks/beem/QF_BV/cambridge.5.prop2-back-serstep.btor.smv	timeout	
avr-bmc	/home/benchmarks/beem/QF_BV/cambridge.5.prop2-func-interl.btor.smv	timeout	
avr-bmc	/home/benchmarks/beem/QF_BV/cambridge.6.prop1-back-serstep.btor.smv	sat	38.91837
avr-bmc	/home/benchmarks/beem/QF_BV/cambridge.6.prop1-func-interl.btor.smv	sat	10.836937
avr-bmc	/home/benchmarks/beem/QF_BV/cambridge.6.prop2-back-serstep.btor.smv	timeout	
avr-bmc	/home/benchmarks/beem/QF_BV/cambridge.6.prop2-func-interl.btor.smv	timeout	
avr-bmc	/home/benchmarks/beem/QF_BV/cambridge.7.prop1-back-serstep.btor.smv	sat	85.922662
avr-bmc	/home/benchmarks/beem/QF_BV/cambridge.7.prop1-func-interl.btor.smv	sat	17.327574
avr-bmc	/home/benchmarks/beem/QF_BV/cambridge.7.prop2-back-serstep.btor.smv	timeout	
avr-bmc	/home/benchmarks/beem/QF_BV/cambridge.7.prop2-func-interl.btor.smv	timeout	
avr-bmc	/home/benchmarks/beem/QF_BV/collision.1.prop1-back-serstep.btor.smv	timeout	
avr-bmc	/home/benchmarks/beem/QF_BV/collision.1.prop1-func-interl.btor.smv	timeout	
avr-bmc	/home/benchmarks/beem/QF_BV/collision.2.prop1-back-serstep.btor.smv	sat	2.210073
avr-bmc	/home/benchmarks/beem/QF_BV/collision.2.prop1-func-interl.btor.smv	sat	3.844934
avr-bmc	/home/benchmarks/beem/QF_BV/collision.3.prop1-back-serstep.btor.smv	timeout	
avr-bmc	/home/benchmarks/beem/QF_BV/collision.3.prop1-func-interl.btor.smv	timeout	
avr-bmc	/home/benchmarks/beem/QF_BV/collision.4.prop1-back-serstep.btor.smv	timeout	
avr-bmc	/home/benchmarks/beem/QF_BV/collision.4.prop1-func-interl.btor.smv	timeout	
avr-bmc	/home/benchmarks/beem/QF_BV/collision.5.prop1-back-serstep.btor.smv	sat	3.660469
avr-bmc	/home/benchmarks/beem/QF_BV/collision.5.prop1-func-interl.btor.smv	sat	9.21146
avr-bmc	/home/benchmarks/beem/QF_BV/collision.6.prop1-back-serstep.btor.smv	timeout	
avr-bmc	/home/benchmarks/beem/QF_BV/collision.6.prop1-func-interl.btor.smv	timeout	
avr-bmc	/home/benchmarks/beem/QF_BV/cyclic_scheduler.1.prop1-back-serstep.btor.smv	timeout	
avr-bmc	/home/benchmarks/beem/QF_BV/cyclic_scheduler.1.prop1-func-interl.btor.smv	timeout	
avr-bmc	/home/benchmarks/beem/QF_BV/cyclic_scheduler.2.prop1-back-serstep.btor.smv	sat	3.54832
avr-bmc	/home/benchmarks/beem/QF_BV/cyclic_scheduler.2.prop1-func-interl.btor.smv	sat	3.376531
avr-bmc	/home/benchmarks/beem/QF_BV/cyclic_scheduler.3.prop1-back-serstep.btor.smv	timeout	
avr-bmc	/home/benchmarks/beem/QF_BV/cyclic_scheduler.3.prop1-func-interl.btor.smv	timeout	
avr-bmc	/home/benchmarks/beem/QF_BV/cyclic_scheduler.4.prop1-back-serstep.btor.smv	sat	4.890211
avr-bmc	/home/benchmarks/beem/QF_BV/cyclic_scheduler.4.prop1-func-interl.btor.smv	sat	4.701892
avr-bmc	/home/benchmarks/beem/QF_BV/driving_phils.1.prop1-back-serstep.btor.smv	sat	2.640046
avr-bmc	/home/benchmarks/beem/QF_BV/driving_phils.1.prop1-func-interl.btor.smv	sat	2.594491
avr-bmc	/home/benchmarks/beem/QF_BV/driving_phils.2.prop1-back-serstep.btor.smv	sat	3.316225
avr-bmc	/home/benchmarks/beem/QF_BV/driving_phils.2.prop1-func-interl.btor.smv	sat	1.923824
avr-bmc	/home/benchmarks/beem/QF_BV/driving_phils.3.prop1-back-serstep.btor.smv	sat	4.10355
avr-bmc	/home/benchmarks/beem/QF_BV/driving_phils.3.prop1-func-interl.btor.smv	sat	2.145539
avr-bmc	/home/benchmarks/beem/QF_BV/driving_phils.4.prop1-back-serstep.btor.smv	sat	3.26352
avr-bmc	/home/benchmarks/beem/QF_BV/driving_phils.4.prop1-func-interl.btor.smv	sat	2.262774
avr-bmc	/home/benchmarks/beem/QF_BV/driving_phils.5.prop1-back-serstep.btor.smv	sat	2.394408
avr-bmc	/home/benchmarks/beem/QF_BV/driving_phils.5.prop1-func-interl.btor.smv	sat	2.184936
avr-bmc	/home/benchmarks/beem/QF_BV/elevator.1.prop1-back-serstep.btor.smv	timeout	
avr-bmc	/home/benchmarks/beem/QF_BV/elevator.1.prop1-func-interl.btor.smv	timeout	
avr-bmc	/home/benchmarks/beem/QF_BV/elevator.2.prop1-back-serstep.btor.smv	timeout	
avr-bmc	/home/benchmarks/beem/QF_BV/elevator.2.prop1-func-interl.btor.smv	timeout	
avr-bmc	/home/benchmarks/beem/QF_BV/elevator.3.prop1-back-serstep.btor.smv	timeout	
avr-bmc	/home/benchmarks/beem/QF_BV/elevator.3.prop1-func-interl.btor.smv	timeout	
avr-bmc	/home/benchmarks/beem/QF_BV/elevator.4.prop1-back-serstep.btor.smv	timeout	
avr-bmc	/home/benchmarks/beem/QF_BV/elevator.4.prop1-func-interl.btor.smv	timeout	
avr-bmc	/home/benchmarks/beem/QF_BV/elevator.5.prop1-back-serstep.btor.smv	timeout	
avr-bmc	/home/benchmarks/beem/QF_BV/elevator.5.prop1-func-interl.btor.smv	timeout	
avr-bmc	/home/benchmarks/beem/QF_BV/elevator_planning.1.prop1-back-serstep.btor.smv	sat	4.09931
avr-bmc	/home/benchmarks/beem/QF_BV/elevator_planning.1.prop1-func-interl.btor.smv	sat	3.836822
avr-bmc	/home/benchmarks/beem/QF_BV/elevator_planning.2.prop1-back-serstep.btor.smv	sat	4.298806
avr-bmc	/home/benchmarks/beem/QF_BV/elevator_planning.2.prop1-func-interl.btor.smv	sat	4.516114
avr-bmc	/home/benchmarks/beem/QF_BV/elevator_planning.3.prop1-back-serstep.btor.smv	sat	2.140979
avr-bmc	/home/benchmarks/beem/QF_BV/elevator_planning.3.prop1-func-interl.btor.smv	sat	3.018877
avr-bmc	/home/benchmarks/beem/QF_BV/exit.1.prop1-back-serstep.btor.smv	timeout	
avr-bmc	/home/benchmarks/beem/QF_BV/exit.1.prop1-func-interl.btor.smv	timeout	
avr-bmc	/home/benchmarks/beem/QF_BV/exit.2.prop1-back-serstep.btor.smv	timeout	
avr-bmc	/home/benchmarks/beem/QF_BV/exit.2.prop1-func-interl.btor.smv	timeout	
avr-bmc	/home/benchmarks/beem/QF_BV/exit.3.prop1-back-serstep.btor.smv	timeout	
avr-bmc	/home/benchmarks/beem/QF_BV/exit.3.prop1-func-interl.btor.smv	timeout	
avr-bmc	/home/benchmarks/beem/QF_BV/exit.4.prop1-back-serstep.btor.smv	sat	19.563603
avr-bmc	/home/benchmarks/beem/QF_BV/exit.4.prop1-func-interl.btor.smv	sat	114.393277
avr-bmc	/home/benchmarks/beem/QF_BV/exit.5.prop1-back-serstep.btor.smv	timeout	
avr-bmc	/home/benchmarks/beem/QF_BV/exit.5.prop1-func-interl.btor.smv	timeout	
avr-bmc	/home/benchmarks/beem/QF_BV/extinction.1.prop1-back-serstep.btor.smv	timeout	
avr-bmc	/home/benchmarks/beem/QF_BV/extinction.1.prop1-func-interl.btor.smv	timeout	
avr-bmc	/home/benchmarks/beem/QF_BV/extinction.2.prop1-back-serstep.btor.smv	timeout	
avr-bmc	/home/benchmarks/beem/QF_BV/extinction.2.prop1-func-interl.btor.smv	timeout	
avr-bmc	/home/benchmarks/beem/QF_BV/extinction.3.prop1-back-serstep.btor.smv	sat	30.004453
avr-bmc	/home/benchmarks/beem/QF_BV/extinction.3.prop1-func-interl.btor.smv	timeout	
avr-bmc	/home/benchmarks/beem/QF_BV/extinction.4.prop1-back-serstep.btor.smv	timeout	
avr-bmc	/home/benchmarks/beem/QF_BV/extinction.4.prop1-func-interl.btor.smv	timeout	
avr-bmc	/home/benchmarks/beem/QF_BV/firewire_tree.1.prop1-back-serstep.btor.smv	timeout	
avr-bmc	/home/benchmarks/beem/QF_BV/firewire_tree.1.prop1-func-interl.btor.smv	timeout	
avr-bmc	/home/benchmarks/beem/QF_BV/firewire_tree.1.prop2-back-serstep.btor.smv	timeout	
avr-bmc	/home/benchmarks/beem/QF_BV/firewire_tree.1.prop2-func-interl.btor.smv	timeout	
avr-bmc	/home/benchmarks/beem/QF_BV/firewire_tree.1.prop3-back-serstep.btor.smv	timeout	
avr-bmc	/home/benchmarks/beem/QF_BV/firewire_tree.1.prop3-func-interl.btor.smv	timeout	
avr-bmc	/home/benchmarks/beem/QF_BV/firewire_tree.2.prop1-back-serstep.btor.smv	timeout	
avr-bmc	/home/benchmarks/beem/QF_BV/firewire_tree.2.prop1-func-interl.btor.smv	timeout	
avr-bmc	/home/benchmarks/beem/QF_BV/firewire_tree.2.prop2-back-serstep.btor.smv	timeout	
avr-bmc	/home/benchmarks/beem/QF_BV/firewire_tree.2.prop2-func-interl.btor.smv	timeout	
avr-bmc	/home/benchmarks/beem/QF_BV/firewire_tree.2.prop3-back-serstep.btor.smv	sat	12.670941
avr-bmc	/home/benchmarks/beem/QF_BV/firewire_tree.2.prop3-func-interl.btor.smv	sat	797.010745
avr-bmc	/home/benchmarks/beem/QF_BV/firewire_tree.3.prop1-back-serstep.btor.smv	timeout	
avr-bmc	/home/benchmarks/beem/QF_BV/firewire_tree.3.prop1-func-interl.btor.smv	timeout	
avr-bmc	/home/benchmarks/beem/QF_BV/firewire_tree.3.prop2-back-serstep.btor.smv	timeout	
avr-bmc	/home/benchmarks/beem/QF_BV/firewire_tree.3.prop2-func-interl.btor.smv	timeout	
avr-bmc	/home/benchmarks/beem/QF_BV/firewire_tree.3.prop3-back-serstep.btor.smv	timeout	
avr-bmc	/home/benchmarks/beem/QF_BV/firewire_tree.3.prop3-func-interl.btor.smv	timeout	
avr-bmc	/home/benchmarks/beem/QF_BV/firewire_tree.4.prop1-back-serstep.btor.smv	timeout	
avr-bmc	/home/benchmarks/beem/QF_BV/firewire_tree.4.prop1-func-interl.btor.smv	timeout	
avr-bmc	/home/benchmarks/beem/QF_BV/firewire_tree.4.prop2-back-serstep.btor.smv	timeout	
avr-bmc	/home/benchmarks/beem/QF_BV/firewire_tree.4.prop2-func-interl.btor.smv	timeout	
avr-bmc	/home/benchmarks/beem/QF_BV/firewire_tree.4.prop3-back-serstep.btor.smv	sat	563.438541
avr-bmc	/home/benchmarks/beem/QF_BV/firewire_tree.4.prop3-func-interl.btor.smv	timeout	
avr-bmc	/home/benchmarks/beem/QF_BV/firewire_tree.5.prop1-back-serstep.btor.smv	timeout	
avr-bmc	/home/benchmarks/beem/QF_BV/firewire_tree.5.prop1-func-interl.btor.smv	timeout	
avr-bmc	/home/benchmarks/beem/QF_BV/firewire_tree.5.prop2-back-serstep.btor.smv	timeout	
avr-bmc	/home/benchmarks/beem/QF_BV/firewire_tree.5.prop2-func-interl.btor.smv	timeout	
avr-bmc	/home/benchmarks/beem/QF_BV/firewire_tree.5.prop3-back-serstep.btor.smv	timeout	
avr-bmc	/home/benchmarks/beem/QF_BV/firewire_tree.5.prop3-func-interl.btor.smv	timeout	
avr-bmc	/home/benchmarks/beem/QF_BV/fischer.1.prop1-back-serstep.btor.smv	timeout	
avr-bmc	/home/benchmarks/beem/QF_BV/fischer.1.prop1-func-interl.btor.smv	timeout	
avr-bmc	/home/benchmarks/beem/QF_BV/fischer.2.prop1-back-serstep.btor.smv	sat	2.329619
avr-bmc	/home/benchmarks/beem/QF_BV/fischer.2.prop1-func-interl.btor.smv	sat	2.770153
avr-bmc	/home/benchmarks/beem/QF_BV/fischer.3.prop1-back-serstep.btor.smv	sat	3.13992
avr-bmc	/home/benchmarks/beem/QF_BV/fischer.3.prop1-func-interl.btor.smv	sat	6.974177
avr-bmc	/home/benchmarks/beem/QF_BV/fischer.4.prop1-back-serstep.btor.smv	timeout	
avr-bmc	/home/benchmarks/beem/QF_BV/fischer.4.prop1-func-interl.btor.smv	timeout	
avr-bmc	/home/benchmarks/beem/QF_BV/fischer.5.prop1-back-serstep.btor.smv	sat	3.487637
avr-bmc	/home/benchmarks/beem/QF_BV/fischer.5.prop1-func-interl.btor.smv	sat	9.937267
avr-bmc	/home/benchmarks/beem/QF_BV/fischer.6.prop1-back-serstep.btor.smv	timeout	
avr-bmc	/home/benchmarks/beem/QF_BV/fischer.6.prop1-func-interl.btor.smv	timeout	
avr-bmc	/home/benchmarks/beem/QF_BV/fischer.7.prop1-back-serstep.btor.smv	sat	4.687529
avr-bmc	/home/benchmarks/beem/QF_BV/fischer.7.prop1-func-interl.btor.smv	sat	5.060364
avr-bmc	/home/benchmarks/beem/QF_BV/frogs.1.prop1-back-serstep.btor.smv	timeout	
avr-bmc	/home/benchmarks/beem/QF_BV/frogs.1.prop1-func-interl.btor.smv	sat	887.047381
avr-bmc	/home/benchmarks/beem/QF_BV/frogs.2.prop1-back-serstep.btor.smv	sat	163.015176
avr-bmc	/home/benchmarks/beem/QF_BV/frogs.2.prop1-func-interl.btor.smv	sat	29.089996
avr-bmc	/home/benchmarks/beem/QF_BV/frogs.3.prop1-back-serstep.btor.smv	timeout	
avr-bmc	/home/benchmarks/beem/QF_BV/frogs.3.prop1-func-interl.btor.smv	timeout	
avr-bmc	/home/benchmarks/beem/QF_BV/frogs.4.prop1-back-serstep.btor.smv	timeout	
avr-bmc	/home/benchmarks/beem/QF_BV/frogs.4.prop1-func-interl.btor.smv	timeout	
avr-bmc	/home/benchmarks/beem/QF_BV/frogs.5.prop1-back-serstep.btor.smv	timeout	
avr-bmc	/home/benchmarks/beem/QF_BV/frogs.5.prop1-func-interl.btor.smv	timeout	
avr-bmc	/home/benchmarks/beem/QF_BV/gear.1.prop1-back-serstep.btor.smv	sat	51.412276
avr-bmc	/home/benchmarks/beem/QF_BV/gear.1.prop1-func-interl.btor.smv	sat	133.728264
avr-bmc	/home/benchmarks/beem/QF_BV/gear.1.prop2-back-serstep.btor.smv	sat	3.290063
avr-bmc	/home/benchmarks/beem/QF_BV/gear.1.prop2-func-interl.btor.smv	sat	4.589537
avr-bmc	/home/benchmarks/beem/QF_BV/gear.1.prop3-back-serstep.btor.smv	sat	4.684457
avr-bmc	/home/benchmarks/beem/QF_BV/gear.1.prop3-func-interl.btor.smv	sat	7.599436
avr-bmc	/home/benchmarks/beem/QF_BV/gear.1.prop4-back-serstep.btor.smv	sat	5.682079
avr-bmc	/home/benchmarks/beem/QF_BV/gear.1.prop4-func-interl.btor.smv	sat	7.840789
avr-bmc	/home/benchmarks/beem/QF_BV/gear.2.prop1-back-serstep.btor.smv	timeout	
avr-bmc	/home/benchmarks/beem/QF_BV/gear.2.prop1-func-interl.btor.smv	timeout	
avr-bmc	/home/benchmarks/beem/QF_BV/gear.2.prop2-back-serstep.btor.smv	sat	3.514972
avr-bmc	/home/benchmarks/beem/QF_BV/gear.2.prop2-func-interl.btor.smv	sat	3.809002
avr-bmc	/home/benchmarks/beem/QF_BV/gear.2.prop3-back-serstep.btor.smv	sat	4.253359
avr-bmc	/home/benchmarks/beem/QF_BV/gear.2.prop3-func-interl.btor.smv	sat	6.287259
avr-bmc	/home/benchmarks/beem/QF_BV/gear.2.prop4-back-serstep.btor.smv	sat	7.506755
avr-bmc	/home/benchmarks/beem/QF_BV/gear.2.prop4-func-interl.btor.smv	sat	7.533362
avr-bmc	/home/benchmarks/beem/QF_BV/hanoi.1.prop1-back-serstep.btor.smv	timeout	
avr-bmc	/home/benchmarks/beem/QF_BV/hanoi.1.prop1-func-interl.btor.smv	timeout	
avr-bmc	/home/benchmarks/beem/QF_BV/hanoi.2.prop1-back-serstep.btor.smv	timeout	
avr-bmc	/home/benchmarks/beem/QF_BV/hanoi.2.prop1-func-interl.btor.smv	timeout	
avr-bmc	/home/benchmarks/beem/QF_BV/hanoi.3.prop1-back-serstep.btor.smv	timeout	
avr-bmc	/home/benchmarks/beem/QF_BV/hanoi.3.prop1-func-interl.btor.smv	timeout	
avr-bmc	/home/benchmarks/beem/QF_BV/hanoi.4.prop1-back-serstep.btor.smv	timeout	
avr-bmc	/home/benchmarks/beem/QF_BV/hanoi.4.prop1-func-interl.btor.smv	timeout	
avr-bmc	/home/benchmarks/beem/QF_BV/iprotocol.1.prop1-back-serstep.btor.smv	sat	2.919367
avr-bmc	/home/benchmarks/beem/QF_BV/iprotocol.1.prop1-func-interl.btor.smv	sat	2.04376
avr-bmc	/home/benchmarks/beem/QF_BV/iprotocol.2.prop1-back-serstep.btor.smv	sat	2.279605
avr-bmc	/home/benchmarks/beem/QF_BV/iprotocol.2.prop1-func-interl.btor.smv	sat	3.314444
avr-bmc	/home/benchmarks/beem/QF_BV/iprotocol.3.prop1-back-serstep.btor.smv	sat	2.398691
avr-bmc	/home/benchmarks/beem/QF_BV/iprotocol.3.prop1-func-interl.btor.smv	sat	2.313903
avr-bmc	/home/benchmarks/beem/QF_BV/iprotocol.4.prop1-back-serstep.btor.smv	sat	2.284233
avr-bmc	/home/benchmarks/beem/QF_BV/iprotocol.4.prop1-func-interl.btor.smv	sat	2.347715
avr-bmc	/home/benchmarks/beem/QF_BV/iprotocol.5.prop1-back-serstep.btor.smv	sat	3.40413
avr-bmc	/home/benchmarks/beem/QF_BV/iprotocol.5.prop1-func-interl.btor.smv	sat	2.301928
avr-bmc	/home/benchmarks/beem/QF_BV/iprotocol.6.prop1-back-serstep.btor.smv	sat	5.748315
avr-bmc	/home/benchmarks/beem/QF_BV/iprotocol.6.prop1-func-interl.btor.smv	sat	3.269939
avr-bmc	/home/benchmarks/beem/QF_BV/iprotocol.7.prop1-back-serstep.btor.smv	sat	2.819881
avr-bmc	/home/benchmarks/beem/QF_BV/iprotocol.7.prop1-func-interl.btor.smv	sat	2.539444
avr-bmc	/home/benchmarks/beem/QF_BV/krebs.1.prop1-back-serstep.btor.smv	sat	2.371249
avr-bmc	/home/benchmarks/beem/QF_BV/krebs.1.prop1-func-interl.btor.smv	sat	2.716574
avr-bmc	/home/benchmarks/beem/QF_BV/krebs.2.prop1-back-serstep.btor.smv	sat	5.440282
avr-bmc	/home/benchmarks/beem/QF_BV/krebs.2.prop1-func-interl.btor.smv	sat	5.286505
avr-bmc	/home/benchmarks/beem/QF_BV/krebs.3.prop1-back-serstep.btor.smv	sat	40.854405
avr-bmc	/home/benchmarks/beem/QF_BV/krebs.3.prop1-func-interl.btor.smv	sat	62.684563
avr-bmc	/home/benchmarks/beem/QF_BV/krebs.4.prop1-back-serstep.btor.smv	timeout	
avr-bmc	/home/benchmarks/beem/QF_BV/krebs.4.prop1-func-interl.btor.smv	timeout	
avr-bmc	/home/benchmarks/beem/QF_BV/lamport.1.prop1-back-serstep.btor.smv	timeout	
avr-bmc	/home/benchmarks/beem/QF_BV/lamport.1.prop1-func-interl.btor.smv	timeout	
avr-bmc	/home/benchmarks/beem/QF_BV/lamport.2.prop1-back-serstep.btor.smv	sat	3.054706
avr-bmc	/home/benchmarks/beem/QF_BV/lamport.2.prop1-func-interl.btor.smv	sat	58.29766
avr-bmc	/home/benchmarks/beem/QF_BV/lamport.3.prop1-back-serstep.btor.smv	sat	2.814881
avr-bmc	/home/benchmarks/beem/QF_BV/lamport.3.prop1-func-interl.btor.smv	sat	14.797983
avr-bmc	/home/benchmarks/beem/QF_BV/lamport.5.prop1-back-serstep.btor.smv	timeout	
avr-bmc	/home/benchmarks/beem/QF_BV/lamport.5.prop1-func-interl.btor.smv	timeout	
avr-bmc	/home/benchmarks/beem/QF_BV/lamport.6.prop1-back-serstep.btor.smv	sat	5.180923
avr-bmc	/home/benchmarks/beem/QF_BV/lamport.6.prop1-func-interl.btor.smv	sat	402.988869
avr-bmc	/home/benchmarks/beem/QF_BV/lamport.7.prop1-back-serstep.btor.smv	timeout	
avr-bmc	/home/benchmarks/beem/QF_BV/lamport.7.prop1-func-interl.btor.smv	timeout	
avr-bmc	/home/benchmarks/beem/QF_BV/lamport.8.prop1-back-serstep.btor.smv	sat	4.692992
avr-bmc	/home/benchmarks/beem/QF_BV/lamport.8.prop1-func-interl.btor.smv	sat	124.536914
avr-bmc	/home/benchmarks/beem/QF_BV/lamport_nonatomic.1.prop1-back-serstep.btor.smv	timeout	
avr-bmc	/home/benchmarks/beem/QF_BV/lamport_nonatomic.1.prop1-func-interl.btor.smv	timeout	
avr-bmc	/home/benchmarks/beem/QF_BV/lamport_nonatomic.2.prop1-back-serstep.btor.smv	timeout	
avr-bmc	/home/benchmarks/beem/QF_BV/lamport_nonatomic.2.prop1-func-interl.btor.smv	timeout	
avr-bmc	/home/benchmarks/beem/QF_BV/lamport_nonatomic.3.prop1-back-serstep.btor.smv	sat	3.316231
avr-bmc	/home/benchmarks/beem/QF_BV/lamport_nonatomic.3.prop1-func-interl.btor.smv	sat	31.993215
avr-bmc	/home/benchmarks/beem/QF_BV/lamport_nonatomic.4.prop1-back-serstep.btor.smv	timeout	
avr-bmc	/home/benchmarks/beem/QF_BV/lamport_nonatomic.4.prop1-func-interl.btor.smv	timeout	
avr-bmc	/home/benchmarks/beem/QF_BV/lamport_nonatomic.5.prop1-back-serstep.btor.smv	timeout	
avr-bmc	/home/benchmarks/beem/QF_BV/lamport_nonatomic.5.prop1-func-interl.btor.smv	timeout	
avr-bmc	/home/benchmarks/beem/QF_BV/lann.1.prop1-back-serstep.btor.smv	sat	2.199536
avr-bmc	/home/benchmarks/beem/QF_BV/lann.1.prop1-func-interl.btor.smv	sat	3.253753
avr-bmc	/home/benchmarks/beem/QF_BV/lann.2.prop1-back-serstep.btor.smv	timeout	
avr-bmc	/home/benchmarks/beem/QF_BV/lann.2.prop1-func-interl.btor.smv	timeout	
avr-bmc	/home/benchmarks/beem/QF_BV/lann.3.prop1-back-serstep.btor.smv	sat	2.672942
avr-bmc	/home/benchmarks/beem/QF_BV/lann.3.prop1-func-interl.btor.smv	sat	10.99796
avr-bmc	/home/benchmarks/beem/QF_BV/lann.4.prop1-back-serstep.btor.smv	timeout	
avr-bmc	/home/benchmarks/beem/QF_BV/lann.4.prop1-func-interl.btor.smv	timeout	
avr-bmc	/home/benchmarks/beem/QF_BV/lann.5.prop1-back-serstep.btor.smv	timeout	
avr-bmc	/home/benchmarks/beem/QF_BV/lann.5.prop1-func-interl.btor.smv	timeout	
avr-bmc	/home/benchmarks/beem/QF_BV/lann.6.prop1-back-serstep.btor.smv	sat	2.636267
avr-bmc	/home/benchmarks/beem/QF_BV/lann.6.prop1-func-interl.btor.smv	sat	9.741442
avr-bmc	/home/benchmarks/beem/QF_BV/lann.7.prop1-back-serstep.btor.smv	sat	4.836661
avr-bmc	/home/benchmarks/beem/QF_BV/lann.7.prop1-func-interl.btor.smv	sat	23.892473
avr-bmc	/home/benchmarks/beem/QF_BV/lann.8.prop1-back-serstep.btor.smv	sat	4.335547
avr-bmc	/home/benchmarks/beem/QF_BV/lann.8.prop1-func-interl.btor.smv	sat	22.947386
avr-bmc	/home/benchmarks/beem/QF_BV/leader_election.1.prop1-back-serstep.btor.smv	timeout	
avr-bmc	/home/benchmarks/beem/QF_BV/leader_election.1.prop1-func-interl.btor.smv	timeout	
avr-bmc	/home/benchmarks/beem/QF_BV/leader_election.2.prop1-back-serstep.btor.smv	timeout	
avr-bmc	/home/benchmarks/beem/QF_BV/leader_election.2.prop1-func-interl.btor.smv	timeout	
avr-bmc	/home/benchmarks/beem/QF_BV/leader_election.3.prop1-back-serstep.btor.smv	timeout	
avr-bmc	/home/benchmarks/beem/QF_BV/leader_election.3.prop1-func-interl.btor.smv	timeout	
avr-bmc	/home/benchmarks/beem/QF_BV/leader_election.4.prop1-back-serstep.btor.smv	sat	258.974441
avr-bmc	/home/benchmarks/beem/QF_BV/leader_election.4.prop1-func-interl.btor.smv	timeout	
avr-bmc	/home/benchmarks/beem/QF_BV/leader_election.5.prop1-back-serstep.btor.smv	sat	320.749892
avr-bmc	/home/benchmarks/beem/QF_BV/leader_election.5.prop1-func-interl.btor.smv	timeout	
avr-bmc	/home/benchmarks/beem/QF_BV/leader_election.6.prop1-back-serstep.btor.smv	sat	1553.436121
avr-bmc	/home/benchmarks/beem/QF_BV/leader_election.6.prop1-func-interl.btor.smv	timeout	
avr-bmc	/home/benchmarks/beem/QF_BV/leader_filters.1.prop1-back-serstep.btor.smv	timeout	
avr-bmc	/home/benchmarks/beem/QF_BV/leader_filters.1.prop1-func-interl.btor.smv	timeout	
avr-bmc	/home/benchmarks/beem/QF_BV/leader_filters.2.prop1-back-serstep.btor.smv	sat	2.249131
avr-bmc	/home/benchmarks/beem/QF_BV/leader_filters.2.prop1-func-interl.btor.smv	sat	11.509687
avr-bmc	/home/benchmarks/beem/QF_BV/leader_filters.3.prop1-back-serstep.btor.smv	timeout	
avr-bmc	/home/benchmarks/beem/QF_BV/leader_filters.3.prop1-func-interl.btor.smv	timeout	
avr-bmc	/home/benchmarks/beem/QF_BV/leader_filters.4.prop1-back-serstep.btor.smv	timeout	
avr-bmc	/home/benchmarks/beem/QF_BV/leader_filters.4.prop1-func-interl.btor.smv	timeout	
avr-bmc	/home/benchmarks/beem/QF_BV/leader_filters.5.prop1-back-serstep.btor.smv	timeout	
avr-bmc	/home/benchmarks/beem/QF_BV/leader_filters.5.prop1-func-interl.btor.smv	timeout	
avr-bmc	/home/benchmarks/beem/QF_BV/leader_filters.6.prop1-back-serstep.btor.smv	sat	4.232957
avr-bmc	/home/benchmarks/beem/QF_BV/leader_filters.6.prop1-func-interl.btor.smv	sat	28.231508
avr-bmc	/home/benchmarks/beem/QF_BV/leader_filters.7.prop1-back-serstep.btor.smv	timeout	
avr-bmc	/home/benchmarks/beem/QF_BV/leader_filters.7.prop1-func-interl.btor.smv	timeout	
avr-bmc	/home/benchmarks/beem/QF_BV/lifts.1.prop1-back-serstep.btor.smv	timeout	
avr-bmc	/home/benchmarks/beem/QF_BV/lifts.1.prop1-func-interl.btor.smv	timeout	
avr-bmc	/home/benchmarks/beem/QF_BV/lifts.2.prop1-back-serstep.btor.smv	timeout	
avr-bmc	/home/benchmarks/beem/QF_BV/lifts.2.prop1-func-interl.btor.smv	timeout	
avr-bmc	/home/benchmarks/beem/QF_BV/lifts.3.prop1-back-serstep.btor.smv	memout	
avr-bmc	/home/benchmarks/beem/QF_BV/lifts.3.prop1-func-interl.btor.smv	timeout	
avr-bmc	/home/benchmarks/beem/QF_BV/lifts.4.prop1-back-serstep.btor.smv	memout	
avr-bmc	/home/benchmarks/beem/QF_BV/lifts.4.prop1-func-interl.btor.smv	timeout	
avr-bmc	/home/benchmarks/beem/QF_BV/lifts.5.prop1-back-serstep.btor.smv	memout	
avr-bmc	/home/benchmarks/beem/QF_BV/lifts.5.prop1-func-interl.btor.smv	timeout	
avr-bmc	/home/benchmarks/beem/QF_BV/lifts.6.prop1-back-serstep.btor.smv	memout	
avr-bmc	/home/benchmarks/beem/QF_BV/lifts.6.prop1-func-interl.btor.smv	timeout	
avr-bmc	/home/benchmarks/beem/QF_BV/lifts.7.prop1-back-serstep.btor.smv	memout	
avr-bmc	/home/benchmarks/beem/QF_BV/lifts.7.prop1-func-interl.btor.smv	timeout	
avr-bmc	/home/benchmarks/beem/QF_BV/lifts.8.prop1-back-serstep.btor.smv	memout	
avr-bmc	/home/benchmarks/beem/QF_BV/lifts.8.prop1-func-interl.btor.smv	timeout	
avr-bmc	/home/benchmarks/beem/QF_BV/loyd.1.prop1-back-serstep.btor.smv	sat	3.662055
avr-bmc	/home/benchmarks/beem/QF_BV/loyd.1.prop1-func-interl.btor.smv	sat	3.752873
avr-bmc	/home/benchmarks/beem/QF_BV/loyd.2.prop1-back-serstep.btor.smv	timeout	
avr-bmc	/home/benchmarks/beem/QF_BV/loyd.2.prop1-func-interl.btor.smv	sat	21.81599
avr-bmc	/home/benchmarks/beem/QF_BV/loyd.3.prop1-back-serstep.btor.smv	timeout	
avr-bmc	/home/benchmarks/beem/QF_BV/loyd.3.prop1-func-interl.btor.smv	timeout	
avr-bmc	/home/benchmarks/beem/QF_BV/lup.1.prop1-back-serstep.btor.smv	timeout	
avr-bmc	/home/benchmarks/beem/QF_BV/lup.1.prop1-func-interl.btor.smv	timeout	
avr-bmc	/home/benchmarks/beem/QF_BV/lup.2.prop1-back-serstep.btor.smv	timeout	
avr-bmc	/home/benchmarks/beem/QF_BV/lup.2.prop1-func-interl.btor.smv	timeout	
avr-bmc	/home/benchmarks/beem/QF_BV/lup.3.prop1-back-serstep.btor.smv	timeout	
avr-bmc	/home/benchmarks/beem/QF_BV/lup.3.prop1-func-interl.btor.smv	timeout	
avr-bmc	/home/benchmarks/beem/QF_BV/lup.4.prop1-back-serstep.btor.smv	timeout	
avr-bmc	/home/benchmarks/beem/QF_BV/lup.4.prop1-func-interl.btor.smv	timeout	
avr-bmc	/home/benchmarks/beem/QF_BV/mcs.1.prop1-back-serstep.btor.smv	timeout	
avr-bmc	/home/benchmarks/beem/QF_BV/mcs.1.prop1-func-interl.btor.smv	timeout	
avr-bmc	/home/benchmarks/beem/QF_BV/mcs.2.prop1-back-serstep.btor.smv	timeout	
avr-bmc	/home/benchmarks/beem/QF_BV/mcs.2.prop1-func-interl.btor.smv	timeout	
avr-bmc	/home/benchmarks/beem/QF_BV/mcs.3.prop1-back-serstep.btor.smv	timeout	
avr-bmc	/home/benchmarks/beem/QF_BV/mcs.3.prop1-func-interl.btor.smv	timeout	
avr-bmc	/home/benchmarks/beem/QF_BV/mcs.4.prop1-back-serstep.btor.smv	timeout	
avr-bmc	/home/benchmarks/beem/QF_BV/mcs.4.prop1-func-interl.btor.smv	timeout	
avr-bmc	/home/benchmarks/beem/QF_BV/mcs.5.prop1-back-serstep.btor.smv	timeout	
avr-bmc	/home/benchmarks/beem/QF_BV/mcs.5.prop1-func-interl.btor.smv	timeout	
avr-bmc	/home/benchmarks/beem/QF_BV/mcs.6.prop1-back-serstep.btor.smv	timeout	
avr-bmc	/home/benchmarks/beem/QF_BV/mcs.6.prop1-func-interl.btor.smv	timeout	
avr-bmc	/home/benchmarks/beem/QF_BV/msmie.1.prop1-back-serstep.btor.smv	timeout	
avr-bmc	/home/benchmarks/beem/QF_BV/msmie.1.prop1-func-interl.btor.smv	timeout	
avr-bmc	/home/benchmarks/beem/QF_BV/msmie.2.prop1-back-serstep.btor.smv	sat	4.13478
avr-bmc	/home/benchmarks/beem/QF_BV/msmie.2.prop1-func-interl.btor.smv	sat	30.77335
avr-bmc	/home/benchmarks/beem/QF_BV/msmie.3.prop1-back-serstep.btor.smv	timeout	
avr-bmc	/home/benchmarks/beem/QF_BV/msmie.3.prop1-func-interl.btor.smv	timeout	
avr-bmc	/home/benchmarks/beem/QF_BV/msmie.4.prop1-back-serstep.btor.smv	timeout	
avr-bmc	/home/benchmarks/beem/QF_BV/msmie.4.prop1-func-interl.btor.smv	timeout	
avr-bmc	/home/benchmarks/beem/QF_BV/needham.1.prop1-back-serstep.btor.smv	sat	2.47474
avr-bmc	/home/benchmarks/beem/QF_BV/needham.1.prop1-func-interl.btor.smv	sat	2.81376
avr-bmc	/home/benchmarks/beem/QF_BV/needham.1.prop2-back-serstep.btor.smv	sat	2.930263
avr-bmc	/home/benchmarks/beem/QF_BV/needham.1.prop2-func-interl.btor.smv	sat	3.313856
avr-bmc	/home/benchmarks/beem/QF_BV/needham.1.prop3-back-serstep.btor.smv	sat	2.483507
avr-bmc	/home/benchmarks/beem/QF_BV/needham.1.prop3-func-interl.btor.smv	sat	2.170718
avr-bmc	/home/benchmarks/beem/QF_BV/needham.1.prop4-back-serstep.btor.smv	sat	2.808429
avr-bmc	/home/benchmarks/beem/QF_BV/needham.1.prop4-func-interl.btor.smv	sat	2.732079
avr-bmc	/home/benchmarks/beem/QF_BV/needham.2.prop1-back-serstep.btor.smv	sat	3.222217
avr-bmc	/home/benchmarks/beem/QF_BV/needham.2.prop1-func-interl.btor.smv	sat	3.442077
avr-bmc	/home/benchmarks/beem/QF_BV/needham.2.prop2-back-serstep.btor.smv	timeout	
avr-bmc	/home/benchmarks/beem/QF_BV/needham.2.prop2-func-interl.btor.smv	timeout	
avr-bmc	/home/benchmarks/beem/QF_BV/needham.2.prop3-back-serstep.btor.smv	timeout	
avr-bmc	/home/benchmarks/beem/QF_BV/needham.2.prop3-func-interl.btor.smv	timeout	
avr-bmc	/home/benchmarks/beem/QF_BV/needham.2.prop4-back-serstep.btor.smv	sat	3.224041
avr-bmc	/home/benchmarks/beem/QF_BV/needham.2.prop4-func-interl.btor.smv	sat	4.603981
avr-bmc	/home/benchmarks/beem/QF_BV/needham.3.prop1-back-serstep.btor.smv	sat	3.751093
avr-bmc	/home/benchmarks/beem/QF_BV/needham.3.prop1-func-interl.btor.smv	sat	5.774747
avr-bmc	/home/benchmarks/beem/QF_BV/needham.3.prop2-back-serstep.btor.smv	timeout	
avr-bmc	/home/benchmarks/beem/QF_BV/needham.3.prop2-func-interl.btor.smv	timeout	
avr-bmc	/home/benchmarks/beem/QF_BV/needham.3.prop3-back-serstep.btor.smv	timeout	
avr-bmc	/home/benchmarks/beem/QF_BV/needham.3.prop3-func-interl.btor.smv	timeout	
avr-bmc	/home/benchmarks/beem/QF_BV/needham.3.prop4-back-serstep.btor.smv	sat	3.179248
avr-bmc	/home/benchmarks/beem/QF_BV/needham.3.prop4-func-interl.btor.smv	sat	4.640239
avr-bmc	/home/benchmarks/beem/QF_BV/needham.4.prop1-back-serstep.btor.smv	sat	4.743233
avr-bmc	/home/benchmarks/beem/QF_BV/needham.4.prop1-func-interl.btor.smv	sat	5.713131
avr-bmc	/home/benchmarks/beem/QF_BV/needham.4.prop2-back-serstep.btor.smv	timeout	
avr-bmc	/home/benchmarks/beem/QF_BV/needham.4.prop2-func-interl.btor.smv	timeout	
avr-bmc	/home/benchmarks/beem/QF_BV/needham.4.prop3-back-serstep.btor.smv	timeout	
avr-bmc	/home/benchmarks/beem/QF_BV/needham.4.prop3-func-interl.btor.smv	timeout	
avr-bmc	/home/benchmarks/beem/QF_BV/needham.4.prop4-back-serstep.btor.smv	sat	4.054391
avr-bmc	/home/benchmarks/beem/QF_BV/needham.4.prop4-func-interl.btor.smv	sat	8.389051
avr-bmc	/home/benchmarks/beem/QF_BV/peg_solitaire.1.prop1-back-serstep.btor.smv	sat	3.605494
avr-bmc	/home/benchmarks/beem/QF_BV/peg_solitaire.1.prop1-func-interl.btor.smv	sat	3.94674
avr-bmc	/home/benchmarks/beem/QF_BV/peg_solitaire.2.prop1-back-serstep.btor.smv	timeout	
avr-bmc	/home/benchmarks/beem/QF_BV/peg_solitaire.2.prop1-func-interl.btor.smv	timeout	
avr-bmc	/home/benchmarks/beem/QF_BV/peg_solitaire.3.prop1-back-serstep.btor.smv	timeout	
avr-bmc	/home/benchmarks/beem/QF_BV/peg_solitaire.3.prop1-func-interl.btor.smv	sat	114.708188
avr-bmc	/home/benchmarks/beem/QF_BV/peg_solitaire.4.prop1-back-serstep.btor.smv	timeout	
avr-bmc	/home/benchmarks/beem/QF_BV/peg_solitaire.4.prop1-func-interl.btor.smv	timeout	
avr-bmc	/home/benchmarks/beem/QF_BV/peg_solitaire.5.prop1-back-serstep.btor.smv	sat	45.413389
avr-bmc	/home/benchmarks/beem/QF_BV/peg_solitaire.5.prop1-func-interl.btor.smv	sat	27.85608
avr-bmc	/home/benchmarks/beem/QF_BV/peg_solitaire.6.prop1-back-serstep.btor.smv	timeout	
avr-bmc	/home/benchmarks/beem/QF_BV/peg_solitaire.6.prop1-func-interl.btor.smv	sat	115.127639
avr-bmc	/home/benchmarks/beem/QF_BV/peterson.1.prop1-back-serstep.btor.smv	timeout	
avr-bmc	/home/benchmarks/beem/QF_BV/peterson.1.prop1-func-interl.btor.smv	timeout	
avr-bmc	/home/benchmarks/beem/QF_BV/peterson.2.prop1-back-serstep.btor.smv	sat	2.472007
avr-bmc	/home/benchmarks/beem/QF_BV/peterson.2.prop1-func-interl.btor.smv	sat	7.605312
avr-bmc	/home/benchmarks/beem/QF_BV/peterson.3.prop1-back-serstep.btor.smv	sat	1.793666
avr-bmc	/home/benchmarks/beem/QF_BV/peterson.3.prop1-func-interl.btor.smv	sat	3.546557
avr-bmc	/home/benchmarks/beem/QF_BV/peterson.4.prop1-back-serstep.btor.smv	timeout	
avr-bmc	/home/benchmarks/beem/QF_BV/peterson.4.prop1-func-interl.btor.smv	timeout	
avr-bmc	/home/benchmarks/beem/QF_BV/peterson.5.prop1-back-serstep.btor.smv	sat	2.934324
avr-bmc	/home/benchmarks/beem/QF_BV/peterson.5.prop1-func-interl.btor.smv	sat	129.626679
avr-bmc	/home/benchmarks/beem/QF_BV/peterson.6.prop1-back-serstep.btor.smv	sat	2.617619
avr-bmc	/home/benchmarks/beem/QF_BV/peterson.6.prop1-func-interl.btor.smv	sat	10.06622
avr-bmc	/home/benchmarks/beem/QF_BV/peterson.7.prop1-back-serstep.btor.smv	timeout	
avr-bmc	/home/benchmarks/beem/QF_BV/peterson.7.prop1-func-interl.btor.smv	timeout	
avr-bmc	/home/benchmarks/beem/QF_BV/pgm_protocol.1.prop1-back-serstep.btor.smv	timeout	
avr-bmc	/home/benchmarks/beem/QF_BV/pgm_protocol.1.prop1-func-interl.btor.smv	timeout	
avr-bmc	/home/benchmarks/beem/QF_BV/pgm_protocol.1.prop2-back-serstep.btor.smv	timeout	
avr-bmc	/home/benchmarks/beem/QF_BV/pgm_protocol.1.prop2-func-interl.btor.smv	timeout	
avr-bmc	/home/benchmarks/beem/QF_BV/pgm_protocol.1.prop5-back-serstep.btor.smv	timeout	
avr-bmc	/home/benchmarks/beem/QF_BV/pgm_protocol.1.prop5-func-interl.btor.smv	sat	2697.375573
avr-bmc	/home/benchmarks/beem/QF_BV/pgm_protocol.1.prop6-back-serstep.btor.smv	timeout	
avr-bmc	/home/benchmarks/beem/QF_BV/pgm_protocol.1.prop6-func-interl.btor.smv	timeout	
avr-bmc	/home/benchmarks/beem/QF_BV/pgm_protocol.2.prop1-back-serstep.btor.smv	timeout	
avr-bmc	/home/benchmarks/beem/QF_BV/pgm_protocol.2.prop1-func-interl.btor.smv	timeout	
avr-bmc	/home/benchmarks/beem/QF_BV/pgm_protocol.2.prop2-back-serstep.btor.smv	timeout	
avr-bmc	/home/benchmarks/beem/QF_BV/pgm_protocol.2.prop2-func-interl.btor.smv	timeout	
avr-bmc	/home/benchmarks/beem/QF_BV/pgm_protocol.2.prop5-back-serstep.btor.smv	timeout	
avr-bmc	/home/benchmarks/beem/QF_BV/pgm_protocol.2.prop5-func-interl.btor.smv	timeout	
avr-bmc	/home/benchmarks/beem/QF_BV/pgm_protocol.2.prop6-back-serstep.btor.smv	timeout	
avr-bmc	/home/benchmarks/beem/QF_BV/pgm_protocol.2.prop6-func-interl.btor.smv	timeout	
avr-bmc	/home/benchmarks/beem/QF_BV/pgm_protocol.3.prop1-back-serstep.btor.smv	timeout	
avr-bmc	/home/benchmarks/beem/QF_BV/pgm_protocol.3.prop1-func-interl.btor.smv	timeout	
avr-bmc	/home/benchmarks/beem/QF_BV/pgm_protocol.3.prop2-back-serstep.btor.smv	timeout	
avr-bmc	/home/benchmarks/beem/QF_BV/pgm_protocol.3.prop2-func-interl.btor.smv	timeout	
avr-bmc	/home/benchmarks/beem/QF_BV/pgm_protocol.3.prop5-back-serstep.btor.smv	timeout	
avr-bmc	/home/benchmarks/beem/QF_BV/pgm_protocol.3.prop5-func-interl.btor.smv	timeout	
avr-bmc	/home/benchmarks/beem/QF_BV/pgm_protocol.3.prop6-back-serstep.btor.smv	timeout	
avr-bmc	/home/benchmarks/beem/QF_BV/pgm_protocol.3.prop6-func-interl.btor.smv	timeout	
avr-bmc	/home/benchmarks/beem/QF_BV/pgm_protocol.4.prop1-back-serstep.btor.smv	timeout	
avr-bmc	/home/benchmarks/beem/QF_BV/pgm_protocol.4.prop1-func-interl.btor.smv	timeout	
avr-bmc	/home/benchmarks/beem/QF_BV/pgm_protocol.4.prop2-back-serstep.btor.smv	timeout	
avr-bmc	/home/benchmarks/beem/QF_BV/pgm_protocol.4.prop2-func-interl.btor.smv	timeout	
avr-bmc	/home/benchmarks/beem/QF_BV/pgm_protocol.4.prop5-back-serstep.btor.smv	timeout	
avr-bmc	/home/benchmarks/beem/QF_BV/pgm_protocol.4.prop5-func-interl.btor.smv	timeout	
avr-bmc	/home/benchmarks/beem/QF_BV/pgm_protocol.4.prop6-back-serstep.btor.smv	timeout	
avr-bmc	/home/benchmarks/beem/QF_BV/pgm_protocol.4.prop6-func-interl.btor.smv	timeout	
avr-bmc	/home/benchmarks/beem/QF_BV/pgm_protocol.5.prop1-back-serstep.btor.smv	timeout	
avr-bmc	/home/benchmarks/beem/QF_BV/pgm_protocol.5.prop1-func-interl.btor.smv	timeout	
avr-bmc	/home/benchmarks/beem/QF_BV/pgm_protocol.5.prop2-back-serstep.btor.smv	timeout	
avr-bmc	/home/benchmarks/beem/QF_BV/pgm_protocol.5.prop2-func-interl.btor.smv	timeout	
avr-bmc	/home/benchmarks/beem/QF_BV/pgm_protocol.5.prop5-back-serstep.btor.smv	timeout	
avr-bmc	/home/benchmarks/beem/QF_BV/pgm_protocol.5.prop5-func-interl.btor.smv	timeout	
avr-bmc	/home/benchmarks/beem/QF_BV/pgm_protocol.5.prop6-back-serstep.btor.smv	timeout	
avr-bmc	/home/benchmarks/beem/QF_BV/pgm_protocol.5.prop6-func-interl.btor.smv	timeout	
avr-bmc	/home/benchmarks/beem/QF_BV/pgm_protocol.6.prop1-back-serstep.btor.smv	timeout	
avr-bmc	/home/benchmarks/beem/QF_BV/pgm_protocol.6.prop1-func-interl.btor.smv	timeout	
avr-bmc	/home/benchmarks/beem/QF_BV/pgm_protocol.6.prop2-back-serstep.btor.smv	timeout	
avr-bmc	/home/benchmarks/beem/QF_BV/pgm_protocol.6.prop2-func-interl.btor.smv	timeout	
avr-bmc	/home/benchmarks/beem/QF_BV/pgm_protocol.6.prop5-back-serstep.btor.smv	timeout	
avr-bmc	/home/benchmarks/beem/QF_BV/pgm_protocol.6.prop5-func-interl.btor.smv	timeout	
avr-bmc	/home/benchmarks/beem/QF_BV/pgm_protocol.6.prop6-back-serstep.btor.smv	timeout	
avr-bmc	/home/benchmarks/beem/QF_BV/pgm_protocol.6.prop6-func-interl.btor.smv	timeout	
avr-bmc	/home/benchmarks/beem/QF_BV/pgm_protocol.7.prop1-back-serstep.btor.smv	timeout	
avr-bmc	/home/benchmarks/beem/QF_BV/pgm_protocol.7.prop1-func-interl.btor.smv	timeout	
avr-bmc	/home/benchmarks/beem/QF_BV/pgm_protocol.7.prop2-back-serstep.btor.smv	timeout	
avr-bmc	/home/benchmarks/beem/QF_BV/pgm_protocol.7.prop2-func-interl.btor.smv	timeout	
avr-bmc	/home/benchmarks/beem/QF_BV/pgm_protocol.7.prop5-back-serstep.btor.smv	timeout	
avr-bmc	/home/benchmarks/beem/QF_BV/pgm_protocol.7.prop5-func-interl.btor.smv	timeout	
avr-bmc	/home/benchmarks/beem/QF_BV/pgm_protocol.7.prop6-back-serstep.btor.smv	timeout	
avr-bmc	/home/benchmarks/beem/QF_BV/pgm_protocol.7.prop6-func-interl.btor.smv	timeout	
avr-bmc	/home/benchmarks/beem/QF_BV/pgm_protocol.8.prop1-back-serstep.btor.smv	timeout	
avr-bmc	/home/benchmarks/beem/QF_BV/pgm_protocol.8.prop1-func-interl.btor.smv	timeout	
avr-bmc	/home/benchmarks/beem/QF_BV/pgm_protocol.8.prop2-back-serstep.btor.smv	timeout	
avr-bmc	/home/benchmarks/beem/QF_BV/pgm_protocol.8.prop2-func-interl.btor.smv	timeout	
avr-bmc	/home/benchmarks/beem/QF_BV/pgm_protocol.8.prop5-back-serstep.btor.smv	timeout	
avr-bmc	/home/benchmarks/beem/QF_BV/pgm_protocol.8.prop5-func-interl.btor.smv	timeout	
avr-bmc	/home/benchmarks/beem/QF_BV/pgm_protocol.8.prop6-back-serstep.btor.smv	timeout	
avr-bmc	/home/benchmarks/beem/QF_BV/pgm_protocol.8.prop6-func-interl.btor.smv	timeout	
avr-bmc	/home/benchmarks/beem/QF_BV/plc.1.prop2-back-serstep.btor.smv	timeout	
avr-bmc	/home/benchmarks/beem/QF_BV/plc.1.prop2-func-interl.btor.smv	timeout	
avr-bmc	/home/benchmarks/beem/QF_BV/plc.2.prop2-back-serstep.btor.smv	timeout	
avr-bmc	/home/benchmarks/beem/QF_BV/plc.2.prop2-func-interl.btor.smv	timeout	
avr-bmc	/home/benchmarks/beem/QF_BV/plc.3.prop2-back-serstep.btor.smv	timeout	
avr-bmc	/home/benchmarks/beem/QF_BV/plc.3.prop2-func-interl.btor.smv	timeout	
avr-bmc	/home/benchmarks/beem/QF_BV/plc.4.prop2-back-serstep.btor.smv	timeout	
avr-bmc	/home/benchmarks/beem/QF_BV/plc.4.prop2-func-interl.btor.smv	timeout	
avr-bmc	/home/benchmarks/beem/QF_BV/pouring.1.prop1-back-serstep.btor.smv	sat	42.910694
avr-bmc	/home/benchmarks/beem/QF_BV/pouring.1.prop1-func-interl.btor.smv	sat	414.136641
avr-bmc	/home/benchmarks/beem/QF_BV/pouring.2.prop1-back-serstep.btor.smv	sat	20.997109
avr-bmc	/home/benchmarks/beem/QF_BV/pouring.2.prop1-func-interl.btor.smv	sat	231.135301
avr-bmc	/home/benchmarks/beem/QF_BV/production_cell.1.prop1-back-serstep.btor.smv	sat	4.391612
avr-bmc	/home/benchmarks/beem/QF_BV/production_cell.1.prop1-func-interl.btor.smv	sat	2.014445
avr-bmc	/home/benchmarks/beem/QF_BV/production_cell.2.prop1-back-serstep.btor.smv	sat	6.940903
avr-bmc	/home/benchmarks/beem/QF_BV/production_cell.2.prop1-func-interl.btor.smv	sat	1658.306326
avr-bmc	/home/benchmarks/beem/QF_BV/production_cell.3.prop1-back-serstep.btor.smv	sat	2.075061
avr-bmc	/home/benchmarks/beem/QF_BV/production_cell.3.prop1-func-interl.btor.smv	sat	2.111492
avr-bmc	/home/benchmarks/beem/QF_BV/production_cell.4.prop1-back-serstep.btor.smv	sat	7.603415
avr-bmc	/home/benchmarks/beem/QF_BV/production_cell.4.prop1-func-interl.btor.smv	sat	1243.622176
avr-bmc	/home/benchmarks/beem/QF_BV/production_cell.5.prop1-back-serstep.btor.smv	sat	2.671661
avr-bmc	/home/benchmarks/beem/QF_BV/production_cell.5.prop1-func-interl.btor.smv	sat	2.678207
avr-bmc	/home/benchmarks/beem/QF_BV/production_cell.6.prop1-back-serstep.btor.smv	sat	3.38801
avr-bmc	/home/benchmarks/beem/QF_BV/production_cell.6.prop1-func-interl.btor.smv	sat	2.612592
avr-bmc	/home/benchmarks/beem/QF_BV/protocols.1.prop1-back-serstep.btor.smv	sat	1.677267
avr-bmc	/home/benchmarks/beem/QF_BV/protocols.1.prop1-func-interl.btor.smv	sat	1.68287
avr-bmc	/home/benchmarks/beem/QF_BV/protocols.2.prop1-back-serstep.btor.smv	sat	2.384788
avr-bmc	/home/benchmarks/beem/QF_BV/protocols.2.prop1-func-interl.btor.smv	sat	2.756025
avr-bmc	/home/benchmarks/beem/QF_BV/protocols.3.prop1-back-serstep.btor.smv	sat	1.891963
avr-bmc	/home/benchmarks/beem/QF_BV/protocols.3.prop1-func-interl.btor.smv	sat	2.003379
avr-bmc	/home/benchmarks/beem/QF_BV/protocols.4.prop1-back-serstep.btor.smv	sat	2.099542
avr-bmc	/home/benchmarks/beem/QF_BV/protocols.4.prop1-func-interl.btor.smv	sat	2.681906
avr-bmc	/home/benchmarks/beem/QF_BV/protocols.5.prop1-back-serstep.btor.smv	sat	3.199572
avr-bmc	/home/benchmarks/beem/QF_BV/protocols.5.prop1-func-interl.btor.smv	sat	2.160882
avr-bmc	/home/benchmarks/beem/QF_BV/reader_writer.1.prop1-back-serstep.btor.smv	sat	2.362358
avr-bmc	/home/benchmarks/beem/QF_BV/reader_writer.1.prop1-func-interl.btor.smv	sat	3.192241
avr-bmc	/home/benchmarks/beem/QF_BV/reader_writer.2.prop1-back-serstep.btor.smv	timeout	
avr-bmc	/home/benchmarks/beem/QF_BV/reader_writer.2.prop1-func-interl.btor.smv	timeout	
avr-bmc	/home/benchmarks/beem/QF_BV/reader_writer.3.prop1-back-serstep.btor.smv	sat	2.821815
avr-bmc	/home/benchmarks/beem/QF_BV/reader_writer.3.prop1-func-interl.btor.smv	sat	7.968808
avr-bmc	/home/benchmarks/beem/QF_BV/resistance.1.prop1-back-serstep.btor.smv	memout	
avr-bmc	/home/benchmarks/beem/QF_BV/resistance.1.prop1-func-interl.btor.smv	memout	
avr-bmc	/home/benchmarks/beem/QF_BV/resistance.1.prop2-back-serstep.btor.smv	timeout	
avr-bmc	/home/benchmarks/beem/QF_BV/resistance.1.prop2-func-interl.btor.smv	timeout	
avr-bmc	/home/benchmarks/beem/QF_BV/resistance.1.prop3-back-serstep.btor.smv	timeout	
avr-bmc	/home/benchmarks/beem/QF_BV/resistance.1.prop3-func-interl.btor.smv	timeout	
avr-bmc	/home/benchmarks/beem/QF_BV/resistance.2.prop1-back-serstep.btor.smv	sat	4.294841
avr-bmc	/home/benchmarks/beem/QF_BV/resistance.2.prop1-func-interl.btor.smv	sat	1.985366
avr-bmc	/home/benchmarks/beem/QF_BV/resistance.2.prop2-back-serstep.btor.smv	timeout	
avr-bmc	/home/benchmarks/beem/QF_BV/resistance.2.prop2-func-interl.btor.smv	timeout	
avr-bmc	/home/benchmarks/beem/QF_BV/resistance.2.prop3-back-serstep.btor.smv	timeout	
avr-bmc	/home/benchmarks/beem/QF_BV/resistance.2.prop3-func-interl.btor.smv	timeout	
avr-bmc	/home/benchmarks/beem/QF_BV/rether.1.prop1-back-serstep.btor.smv	timeout	
avr-bmc	/home/benchmarks/beem/QF_BV/rether.1.prop1-func-interl.btor.smv	timeout	
avr-bmc	/home/benchmarks/beem/QF_BV/rether.2.prop1-back-serstep.btor.smv	timeout	
avr-bmc	/home/benchmarks/beem/QF_BV/rether.2.prop1-func-interl.btor.smv	timeout	
avr-bmc	/home/benchmarks/beem/QF_BV/rether.3.prop1-back-serstep.btor.smv	timeout	
avr-bmc	/home/benchmarks/beem/QF_BV/rether.3.prop1-func-interl.btor.smv	timeout	
avr-bmc	/home/benchmarks/beem/QF_BV/rether.4.prop1-back-serstep.btor.smv	sat	360.419449
avr-bmc	/home/benchmarks/beem/QF_BV/rether.4.prop1-func-interl.btor.smv	sat	280.080901
avr-bmc	/home/benchmarks/beem/QF_BV/rether.5.prop1-back-serstep.btor.smv	timeout	
avr-bmc	/home/benchmarks/beem/QF_BV/rether.5.prop1-func-interl.btor.smv	timeout	
avr-bmc	/home/benchmarks/beem/QF_BV/rether.6.prop1-back-serstep.btor.smv	sat	730.128664
avr-bmc	/home/benchmarks/beem/QF_BV/rether.6.prop1-func-interl.btor.smv	sat	406.638722
avr-bmc	/home/benchmarks/beem/QF_BV/rether.7.prop1-back-serstep.btor.smv	timeout	
avr-bmc	/home/benchmarks/beem/QF_BV/rether.7.prop1-func-interl.btor.smv	timeout	
avr-bmc	/home/benchmarks/beem/QF_BV/rushhour.1.prop1-back-serstep.btor.smv	sat	445.616202
avr-bmc	/home/benchmarks/beem/QF_BV/rushhour.1.prop1-func-interl.btor.smv	sat	263.722752
avr-bmc	/home/benchmarks/beem/QF_BV/rushhour.2.prop1-back-serstep.btor.smv	sat	1735.644585
avr-bmc	/home/benchmarks/beem/QF_BV/rushhour.2.prop1-func-interl.btor.smv	sat	332.31865
avr-bmc	/home/benchmarks/beem/QF_BV/rushhour.3.prop1-back-serstep.btor.smv	timeout	
avr-bmc	/home/benchmarks/beem/QF_BV/rushhour.3.prop1-func-interl.btor.smv	timeout	
avr-bmc	/home/benchmarks/beem/QF_BV/rushhour.4.prop1-back-serstep.btor.smv	timeout	
avr-bmc	/home/benchmarks/beem/QF_BV/rushhour.4.prop1-func-interl.btor.smv	timeout	
avr-bmc	/home/benchmarks/beem/QF_BV/schedule_world.1.prop1-back-serstep.btor.smv	sat	1.880686
avr-bmc	/home/benchmarks/beem/QF_BV/schedule_world.1.prop1-func-interl.btor.smv	sat	2.06001
avr-bmc	/home/benchmarks/beem/QF_BV/schedule_world.2.prop1-back-serstep.btor.smv	sat	2.013847
avr-bmc	/home/benchmarks/beem/QF_BV/schedule_world.2.prop1-func-interl.btor.smv	sat	2.097256
avr-bmc	/home/benchmarks/beem/QF_BV/schedule_world.3.prop1-back-serstep.btor.smv	sat	4.677521
avr-bmc	/home/benchmarks/beem/QF_BV/schedule_world.3.prop1-func-interl.btor.smv	sat	2.617839
avr-bmc	/home/benchmarks/beem/QF_BV/sokoban.1.prop1-back-serstep.btor.smv	timeout	
avr-bmc	/home/benchmarks/beem/QF_BV/sokoban.1.prop1-func-interl.btor.smv	timeout	
avr-bmc	/home/benchmarks/beem/QF_BV/sokoban.2.prop1-back-serstep.btor.smv	timeout	
avr-bmc	/home/benchmarks/beem/QF_BV/sokoban.2.prop1-func-interl.btor.smv	sat	2379.330934
avr-bmc	/home/benchmarks/beem/QF_BV/sokoban.3.prop1-back-serstep.btor.smv	timeout	
avr-bmc	/home/benchmarks/beem/QF_BV/sokoban.3.prop1-func-interl.btor.smv	timeout	
avr-bmc	/home/benchmarks/beem/QF_BV/synapse.1.prop1-back-serstep.btor.smv	sat	27.657305
avr-bmc	/home/benchmarks/beem/QF_BV/synapse.1.prop1-func-interl.btor.smv	sat	39.407486
avr-bmc	/home/benchmarks/beem/QF_BV/synapse.2.prop1-back-serstep.btor.smv	timeout	
avr-bmc	/home/benchmarks/beem/QF_BV/synapse.2.prop1-func-interl.btor.smv	timeout	
avr-bmc	/home/benchmarks/beem/QF_BV/synapse.3.prop1-back-serstep.btor.smv	timeout	
avr-bmc	/home/benchmarks/beem/QF_BV/synapse.3.prop1-func-interl.btor.smv	timeout	
avr-bmc	/home/benchmarks/beem/QF_BV/synapse.4.prop1-back-serstep.btor.smv	timeout	
avr-bmc	/home/benchmarks/beem/QF_BV/synapse.4.prop1-func-interl.btor.smv	timeout	
avr-bmc	/home/benchmarks/beem/QF_BV/synapse.5.prop1-back-serstep.btor.smv	sat	54.584974
avr-bmc	/home/benchmarks/beem/QF_BV/synapse.5.prop1-func-interl.btor.smv	sat	113.339377
avr-bmc	/home/benchmarks/beem/QF_BV/synapse.6.prop1-back-serstep.btor.smv	timeout	
avr-bmc	/home/benchmarks/beem/QF_BV/synapse.6.prop1-func-interl.btor.smv	timeout	
avr-bmc	/home/benchmarks/beem/QF_BV/synapse.7.prop1-back-serstep.btor.smv	timeout	
avr-bmc	/home/benchmarks/beem/QF_BV/synapse.7.prop1-func-interl.btor.smv	timeout	
avr-bmc	/home/benchmarks/beem/QF_BV/szymanski.1.prop1-back-serstep.btor.smv	timeout	
avr-bmc	/home/benchmarks/beem/QF_BV/szymanski.1.prop1-func-interl.btor.smv	timeout	
avr-bmc	/home/benchmarks/beem/QF_BV/szymanski.2.prop1-back-serstep.btor.smv	sat	4.111839
avr-bmc	/home/benchmarks/beem/QF_BV/szymanski.2.prop1-func-interl.btor.smv	sat	36.499245
avr-bmc	/home/benchmarks/beem/QF_BV/szymanski.3.prop1-back-serstep.btor.smv	timeout	
avr-bmc	/home/benchmarks/beem/QF_BV/szymanski.3.prop1-func-interl.btor.smv	timeout	
avr-bmc	/home/benchmarks/beem/QF_BV/szymanski.4.prop1-back-serstep.btor.smv	sat	4.0269
avr-bmc	/home/benchmarks/beem/QF_BV/szymanski.4.prop1-func-interl.btor.smv	sat	83.550153
avr-bmc	/home/benchmarks/beem/QF_BV/szymanski.5.prop1-back-serstep.btor.smv	timeout	
avr-bmc	/home/benchmarks/beem/QF_BV/szymanski.5.prop1-func-interl.btor.smv	timeout	
avr-bmc	/home/benchmarks/beem/QF_BV/telephony.1.prop1-back-serstep.btor.smv	sat	5.294788
avr-bmc	/home/benchmarks/beem/QF_BV/telephony.1.prop1-func-interl.btor.smv	sat	21.020795
avr-bmc	/home/benchmarks/beem/QF_BV/telephony.2.prop1-back-serstep.btor.smv	timeout	
avr-bmc	/home/benchmarks/beem/QF_BV/telephony.2.prop1-func-interl.btor.smv	timeout	
avr-bmc	/home/benchmarks/beem/QF_BV/telephony.3.prop1-back-serstep.btor.smv	sat	3.557406
avr-bmc	/home/benchmarks/beem/QF_BV/telephony.3.prop1-func-interl.btor.smv	sat	41.291008
avr-bmc	/home/benchmarks/beem/QF_BV/telephony.4.prop1-back-serstep.btor.smv	timeout	
avr-bmc	/home/benchmarks/beem/QF_BV/telephony.4.prop1-func-interl.btor.smv	timeout	
avr-bmc	/home/benchmarks/beem/QF_BV/telephony.5.prop1-back-serstep.btor.smv	timeout	
avr-bmc	/home/benchmarks/beem/QF_BV/telephony.5.prop1-func-interl.btor.smv	timeout	
avr-bmc	/home/benchmarks/beem/QF_BV/telephony.6.prop1-back-serstep.btor.smv	sat	6.030355
avr-bmc	/home/benchmarks/beem/QF_BV/telephony.6.prop1-func-interl.btor.smv	sat	75.210703
avr-bmc	/home/benchmarks/beem/QF_BV/telephony.7.prop1-back-serstep.btor.smv	sat	7.994167
avr-bmc	/home/benchmarks/beem/QF_BV/telephony.7.prop1-func-interl.btor.smv	sat	60.015183
avr-bmc	/home/benchmarks/beem/QF_BV/telephony.8.prop1-back-serstep.btor.smv	sat	14.071518
avr-bmc	/home/benchmarks/beem/QF_BV/telephony.8.prop1-func-interl.btor.smv	sat	86.506239
avr-bmc	/home/benchmarks/beem/QF_BV/train-gate.1.prop1-back-serstep.btor.smv	sat	13.037696
avr-bmc	/home/benchmarks/beem/QF_BV/train-gate.1.prop1-func-interl.btor.smv	sat	9.724183
avr-bmc	/home/benchmarks/beem/QF_BV/train-gate.2.prop1-back-serstep.btor.smv	timeout	
avr-bmc	/home/benchmarks/beem/QF_BV/train-gate.2.prop1-func-interl.btor.smv	timeout	
avr-bmc	/home/benchmarks/beem/QF_BV/train-gate.3.prop1-back-serstep.btor.smv	sat	46.823978
avr-bmc	/home/benchmarks/beem/QF_BV/train-gate.3.prop1-func-interl.btor.smv	sat	38.578083
avr-bmc	/home/benchmarks/beem/QF_BV/train-gate.4.prop1-back-serstep.btor.smv	timeout	
avr-bmc	/home/benchmarks/beem/QF_BV/train-gate.4.prop1-func-interl.btor.smv	timeout	
avr-bmc	/home/benchmarks/beem/QF_BV/train-gate.5.prop1-back-serstep.btor.smv	sat	323.148977
avr-bmc	/home/benchmarks/beem/QF_BV/train-gate.5.prop1-func-interl.btor.smv	sat	239.732016
avr-bmc	/home/benchmarks/beem/QF_BV/train-gate.6.prop1-back-serstep.btor.smv	timeout	
avr-bmc	/home/benchmarks/beem/QF_BV/train-gate.6.prop1-func-interl.btor.smv	timeout	
avr-bmc	/home/benchmarks/beem/QF_BV/train-gate.7.prop1-back-serstep.btor.smv	timeout	
avr-bmc	/home/benchmarks/beem/QF_BV/train-gate.7.prop1-func-interl.btor.smv	timeout	
avr-bmc	/home/benchmarks/invgen/QF_BV/MADWiFi-encode_ie_ok.c.smv	sat	2.034099
avr-bmc	/home/benchmarks/invgen/QF_BV/NetBSD_loop.c.smv	sat	1.645104
avr-bmc	/home/benchmarks/invgen/QF_BV/SpamAssassin-loop.c.smv	sat	1.719876
avr-bmc	/home/benchmarks/invgen/QF_BV/SpamAssassin-loop_ok.c.smv	memout	
avr-bmc	/home/benchmarks/invgen/QF_BV/apache-escape-absolute.c.smv	timeout	
avr-bmc	/home/benchmarks/invgen/QF_BV/apache-get-tag.c.smv	timeout	
avr-bmc	/home/benchmarks/invgen/QF_BV/bind_expands_vars2.c.smv	timeout	
avr-bmc	/home/benchmarks/invgen/QF_BV/bound.c.smv	memout	
avr-bmc	/home/benchmarks/invgen/QF_BV/down.c.smv	memout	
avr-bmc	/home/benchmarks/invgen/QF_BV/fragtest_simple.c.smv	memout	
avr-bmc	/home/benchmarks/invgen/QF_BV/gulwani_cegar1.c.smv	memout	
avr-bmc	/home/benchmarks/invgen/QF_BV/gulwani_cegar2.c.smv	memout	
avr-bmc	/home/benchmarks/invgen/QF_BV/gulwani_fig1a.c.smv	sat	2.867379
avr-bmc	/home/benchmarks/invgen/QF_BV/id_build.c.smv	memout	
avr-bmc	/home/benchmarks/invgen/QF_BV/ken-imp.c.smv	memout	
avr-bmc	/home/benchmarks/invgen/QF_BV/mergesort.c.smv	memout	
avr-bmc	/home/benchmarks/invgen/QF_BV/nest-if.c.smv	memout	
avr-bmc	/home/benchmarks/invgen/QF_BV/nest-if1.c.smv	memout	
avr-bmc	/home/benchmarks/invgen/QF_BV/nest-if2.c.smv	memout	
avr-bmc	/home/benchmarks/invgen/QF_BV/nest-if3.c.smv	memout	
avr-bmc	/home/benchmarks/invgen/QF_BV/nest-if4.c.smv	timeout	
avr-bmc	/home/benchmarks/invgen/QF_BV/nest-if5.c.smv	memout	
avr-bmc	/home/benchmarks/invgen/QF_BV/nest-if6.c.smv	timeout	
avr-bmc	/home/benchmarks/invgen/QF_BV/nest-if7.c.smv	timeout	
avr-bmc	/home/benchmarks/invgen/QF_BV/nest-if8.c.smv	sat	2.55494
avr-bmc	/home/benchmarks/invgen/QF_BV/nest-len.c.smv	timeout	
avr-bmc	/home/benchmarks/invgen/QF_BV/nested.c.smv	memout	
avr-bmc	/home/benchmarks/invgen/QF_BV/nested1.c.smv	memout	
avr-bmc	/home/benchmarks/invgen/QF_BV/nested2.c.smv	memout	
avr-bmc	/home/benchmarks/invgen/QF_BV/nested3.c.smv	memout	
avr-bmc	/home/benchmarks/invgen/QF_BV/nested4.c.smv	memout	
avr-bmc	/home/benchmarks/invgen/QF_BV/nested5.c.smv	timeout	
avr-bmc	/home/benchmarks/invgen/QF_BV/nested6.c.smv	timeout	
avr-bmc	/home/benchmarks/invgen/QF_BV/nested7.c.smv	sat	3.652765
avr-bmc	/home/benchmarks/invgen/QF_BV/nested8.c.smv	sat	3.012748
avr-bmc	/home/benchmarks/invgen/QF_BV/nested9.c.smv	sat	1.824247
avr-bmc	/home/benchmarks/invgen/QF_BV/puzzle1.c.smv	memout	
avr-bmc	/home/benchmarks/invgen/QF_BV/rajamani_1.c.smv	timeout	
avr-bmc	/home/benchmarks/invgen/QF_BV/sendmail-close-angle.c.smv	timeout	
avr-bmc	/home/benchmarks/invgen/QF_BV/sendmail-mime-fromqp.c.smv	memout	
avr-bmc	/home/benchmarks/invgen/QF_BV/sendmail-mime7to8_arr_three_chars_no_test_ok.c.smv	memout	
avr-bmc	/home/benchmarks/invgen/QF_BV/seq-len.c.smv	timeout	
avr-bmc	/home/benchmarks/invgen/QF_BV/seq-proc.c.smv	timeout	
avr-bmc	/home/benchmarks/invgen/QF_BV/seq-sim.c.smv	timeout	
avr-bmc	/home/benchmarks/invgen/QF_BV/seq-z3.c.smv	timeout	
avr-bmc	/home/benchmarks/invgen/QF_BV/seq.c.smv	timeout	
avr-bmc	/home/benchmarks/invgen/QF_BV/seq2.c.smv	timeout	
avr-bmc	/home/benchmarks/invgen/QF_BV/seq3.c.smv	timeout	
avr-bmc	/home/benchmarks/invgen/QF_BV/seq4.c.smv	timeout	
avr-bmc	/home/benchmarks/invgen/QF_BV/simple.c.smv	memout	
avr-bmc	/home/benchmarks/invgen/QF_BV/simple_if.c.smv	memout	
avr-bmc	/home/benchmarks/invgen/QF_BV/simple_nest.c.smv	memout	
avr-bmc	/home/benchmarks/invgen/QF_BV/split.c.smv	memout	
avr-bmc	/home/benchmarks/invgen/QF_BV/string_concat-noarr.c.smv	memout	
avr-bmc	/home/benchmarks/invgen/QF_BV/svd-some-loop.c.smv	sat	3.024625
avr-bmc	/home/benchmarks/invgen/QF_BV/svd.c.smv	timeout	
avr-bmc	/home/benchmarks/invgen/QF_BV/svd1.c.smv	sat	5.22072
avr-bmc	/home/benchmarks/invgen/QF_BV/svd2.c.smv	timeout	
avr-bmc	/home/benchmarks/invgen/QF_BV/svd3.c.smv	timeout	
avr-bmc	/home/benchmarks/invgen/QF_BV/svd4.c.smv	sat	4.281411
avr-bmc	/home/benchmarks/invgen/QF_BV/up-nested.c.smv	memout	
avr-bmc	/home/benchmarks/invgen/QF_BV/up.c.smv	memout	
avr-bmc	/home/benchmarks/invgen/QF_BV/up2.c.smv	timeout	
avr-bmc	/home/benchmarks/invgen/QF_BV/up3.c.smv	memout	
avr-bmc	/home/benchmarks/invgen/QF_BV/up4.c.smv	timeout	
avr-bmc	/home/benchmarks/invgen/QF_BV/up5.c.smv	memout	
avr-bmc	/home/benchmarks/software/QF_BV/bubblesort-1.smv	timeout	
avr-bmc	/home/benchmarks/software/QF_BV/bubblesort-2.smv	timeout	
avr-bmc	/home/benchmarks/software/QF_BV/bubblesort-3.smv	timeout	
avr-bmc	/home/benchmarks/software/QF_BV/bubblesort_init-1.smv	timeout	
avr-bmc	/home/benchmarks/software/QF_BV/bubblesort_init-2.smv	timeout	
avr-bmc	/home/benchmarks/software/QF_BV/bubblesort_init-3.smv	timeout	
avr-bmc	/home/benchmarks/software/QF_BV/simple_array_inversion-1.smv	timeout	
avr-bmc	/home/benchmarks/software/QF_BV/simple_array_inversion-2.smv	timeout	
avr-bmc	/home/benchmarks/software/QF_BV/simple_array_inversion-3.smv	timeout	
avr-bmc	/home/benchmarks/software/QF_BV/simple_array_inversion-4.smv	timeout	
avr-bmc	/home/benchmarks/software/QF_BV/simple_array_inversion-5.smv	timeout	
avr-bmc	/home/benchmarks/software/QF_BV/simple_array_inversion-6.smv	timeout	
avr-bmc	/home/benchmarks/software/QF_BV/simple_array_inversion-7.smv	timeout	
avr-bmc	/home/benchmarks/software/QF_BV/simple_array_inversion-8.smv	timeout	
avr-bmc	/home/benchmarks/software/QF_BV/simple_array_inversion-9.smv	timeout	
avr-bmc	/home/benchmarks/svcomp/QF_BV/byte_add_unsafe.c.smv	sat	3.660604
avr-bmc	/home/benchmarks/svcomp/QF_BV/byte_add_1_safe.c.smv	timeout	
avr-bmc	/home/benchmarks/svcomp/QF_BV/byte_add_2_safe.c.smv	timeout	
avr-bmc	/home/benchmarks/svcomp/QF_BV/cdaudio_simpl1.cil.smv	memout	
avr-bmc	/home/benchmarks/svcomp/QF_BV/cdaudio_simpl1_BUG.cil.smv	sat	16.464978
avr-bmc	/home/benchmarks/svcomp/QF_BV/diskperf_simpl1.cil.smv	timeout	
avr-bmc	/home/benchmarks/svcomp/QF_BV/floppy_simpl3.cil.smv	timeout	
avr-bmc	/home/benchmarks/svcomp/QF_BV/floppy_simpl3_BUG.cil.smv	sat	6.527985
avr-bmc	/home/benchmarks/svcomp/QF_BV/floppy_simpl4.cil.smv	timeout	
avr-bmc	/home/benchmarks/svcomp/QF_BV/floppy_simpl4_BUG.cil.smv	sat	10.801345
avr-bmc	/home/benchmarks/svcomp/QF_BV/gcd_1_safe.c.smv	memout	
avr-bmc	/home/benchmarks/svcomp/QF_BV/gcd_2_safe.c.smv	memout	
avr-bmc	/home/benchmarks/svcomp/QF_BV/gcd_3_safe.c.smv	memout	
avr-bmc	/home/benchmarks/svcomp/QF_BV/gcd_4_safe.c.smv	memout	
avr-bmc	/home/benchmarks/svcomp/QF_BV/interleave_bits_safe.c.smv	memout	
avr-bmc	/home/benchmarks/svcomp/QF_BV/jain_1_safe.c.smv	memout	
avr-bmc	/home/benchmarks/svcomp/QF_BV/jain_2_safe.c.smv	memout	
avr-bmc	/home/benchmarks/svcomp/QF_BV/jain_4_safe.c.smv	memout	
avr-bmc	/home/benchmarks/svcomp/QF_BV/jain_5_safe.c.smv	memout	
avr-bmc	/home/benchmarks/svcomp/QF_BV/jain_6_safe.c.smv	memout	
avr-bmc	/home/benchmarks/svcomp/QF_BV/jain_7_safe.c.smv	memout	
avr-bmc	/home/benchmarks/svcomp/QF_BV/kbfiltr_simpl1.cil.smv	sat	2.29795
avr-bmc	/home/benchmarks/svcomp/QF_BV/kbfiltr_simpl2.cil.smv	sat	2.702461
avr-bmc	/home/benchmarks/svcomp/QF_BV/kbfiltr_simpl2_BUG.cil.smv	sat	4.868508
avr-bmc	/home/benchmarks/svcomp/QF_BV/modulus_safe.c.smv	memout	
avr-bmc	/home/benchmarks/svcomp/QF_BV/num_conversion_1_safe.c.smv	memout	
avr-bmc	/home/benchmarks/svcomp/QF_BV/num_conversion_2_safe.c.smv	memout	
avr-bmc	/home/benchmarks/svcomp/QF_BV/parity_safe.c.smv	memout	
avr-bmc	/home/benchmarks/svcomp/QF_BV/soft_float_1_safe.c.cil.c.smv	timeout	
avr-bmc	/home/benchmarks/svcomp/QF_BV/soft_float_2_safe.c.cil.c.smv	timeout	
avr-bmc	/home/benchmarks/svcomp/QF_BV/soft_float_3_safe.c.cil.c.smv	timeout	
avr-bmc	/home/benchmarks/svcomp/QF_BV/soft_float_4_safe.c.cil.c.smv	timeout	
avr-bmc	/home/benchmarks/svcomp/QF_BV/soft_float_5_safe.c.cil.c.smv	timeout	
avr-bmc	/home/benchmarks/svcomp/QF_BV/s3_clnt_1.cil.smv	memout	
avr-bmc	/home/benchmarks/svcomp/QF_BV/s3_clnt_1_BUG.cil.smv	sat	3.078532
avr-bmc	/home/benchmarks/svcomp/QF_BV/s3_clnt_1_safe.BV.c.cil.c.smv	timeout	
avr-bmc	/home/benchmarks/svcomp/QF_BV/s3_clnt_1_unsafe.BV.c.cil.c.smv	sat	3.832616
avr-bmc	/home/benchmarks/svcomp/QF_BV/s3_clnt_2.cil.smv	memout	
avr-bmc	/home/benchmarks/svcomp/QF_BV/s3_clnt_2_BUG.cil.smv	sat	3.204609
avr-bmc	/home/benchmarks/svcomp/QF_BV/s3_clnt_2_safe.BV.c.cil.c.smv	timeout	
avr-bmc	/home/benchmarks/svcomp/QF_BV/s3_clnt_2_unsafe.BV.c.cil.c.smv	sat	4.709096
avr-bmc	/home/benchmarks/svcomp/QF_BV/s3_clnt_3.cil.smv	memout	
avr-bmc	/home/benchmarks/svcomp/QF_BV/s3_clnt_3_BUG.cil.smv	sat	3.065359
avr-bmc	/home/benchmarks/svcomp/QF_BV/s3_clnt_3_safe.BV.c.cil.c.smv	timeout	
avr-bmc	/home/benchmarks/svcomp/QF_BV/s3_clnt_3_unsafe.BV.c.cil.c.smv	sat	4.07678
avr-bmc	/home/benchmarks/svcomp/QF_BV/s3_clnt_4.cil.smv	memout	
avr-bmc	/home/benchmarks/svcomp/QF_BV/s3_clnt_4_BUG.cil.smv	sat	3.578555
avr-bmc	/home/benchmarks/svcomp/QF_BV/s3_srvr_1.cil.smv	timeout	
avr-bmc	/home/benchmarks/svcomp/QF_BV/s3_srvr_1_BUG.cil.smv	sat	4.426537
avr-bmc	/home/benchmarks/svcomp/QF_BV/s3_srvr_1_safe.BV.c.cil.c.smv	timeout	
avr-bmc	/home/benchmarks/svcomp/QF_BV/s3_srvr_1_unsafe.BV.c.cil.c.smv	timeout	
avr-bmc	/home/benchmarks/svcomp/QF_BV/s3_srvr_2.cil.smv	timeout	
avr-bmc	/home/benchmarks/svcomp/QF_BV/s3_srvr_2_BUG.cil.smv	sat	2.475126
avr-bmc	/home/benchmarks/svcomp/QF_BV/s3_srvr_2_safe.BV.c.cil.c.smv	timeout	
avr-bmc	/home/benchmarks/svcomp/QF_BV/s3_srvr_2_unsafe.BV.c.cil.c.smv	timeout	
avr-bmc	/home/benchmarks/svcomp/QF_BV/s3_srvr_3.cil.smv	timeout	
avr-bmc	/home/benchmarks/svcomp/QF_BV/s3_srvr_3_safe.BV.c.cil.c.smv	timeout	
avr-bmc	/home/benchmarks/svcomp/QF_BV/s3_srvr_3_unsafe.BV.c.cil.c.smv	timeout	
avr-bmc	/home/benchmarks/svcomp/QF_BV/s3_srvr_4.cil.smv	timeout	
avr-bmc	/home/benchmarks/svcomp/QF_BV/s3_srvr_6.cil.smv	timeout	
avr-bmc	/home/benchmarks/svcomp/QF_BV/s3_srvr_7.cil.smv	timeout	
avr-bmc	/home/benchmarks/svcomp/QF_BV/s3_srvr_8.cil.smv	timeout	
avr-bmc	/home/benchmarks/svcomp/QF_BV/s3_srvr_9.cil.smv	timeout	
avr-bmc	/home/benchmarks/svcomp/QF_BV/s3_srvr_10.cil.smv	timeout	
avr-bmc	/home/benchmarks/svcomp/QF_BV/s3_srvr_11.cil.smv	timeout	
avr-bmc	/home/benchmarks/svcomp/QF_BV/s3_srvr_12.cil.smv	timeout	
avr-bmc	/home/benchmarks/svcomp/QF_BV/s3_srvr_13.cil.smv	timeout	
avr-bmc	/home/benchmarks/svcomp/QF_BV/s3_srvr_14.cil.smv	timeout	
avr-bmc	/home/benchmarks/svcomp/QF_BV/s3_srvr_15.cil.smv	timeout	
avr-bmc	/home/benchmarks/svcomp/QF_BV/s3_srvr_16.cil.smv	timeout	
avr-bmc	/home/benchmarks/systemc/QF_BV/bist_cell.smv	timeout	
avr-bmc	/home/benchmarks/systemc/QF_BV/kundu-bug-1.smv	sat	45.442068
avr-bmc	/home/benchmarks/systemc/QF_BV/kundu-bug-2.smv	sat	59.970917
avr-bmc	/home/benchmarks/systemc/QF_BV/kundu.smv	timeout	
avr-bmc	/home/benchmarks/systemc/QF_BV/mem_slave_tlm.1.smv	timeout	
avr-bmc	/home/benchmarks/systemc/QF_BV/mem_slave_tlm.2.smv	timeout	
avr-bmc	/home/benchmarks/systemc/QF_BV/mem_slave_tlm.3.smv	timeout	
avr-bmc	/home/benchmarks/systemc/QF_BV/mem_slave_tlm.4.smv	timeout	
avr-bmc	/home/benchmarks/systemc/QF_BV/mem_slave_tlm.5.smv	timeout	
avr-bmc	/home/benchmarks/systemc/QF_BV/pc_sfifo_1.smv	timeout	
avr-bmc	/home/benchmarks/systemc/QF_BV/pc_sfifo_2.smv	timeout	
avr-bmc	/home/benchmarks/systemc/QF_BV/pc_sfifo_3.smv	timeout	
avr-bmc	/home/benchmarks/systemc/QF_BV/pipeline-bug.smv	sat	105.587312
avr-bmc	/home/benchmarks/systemc/QF_BV/pipeline.smv	timeout	
avr-bmc	/home/benchmarks/systemc/QF_BV/token_ring.1.smv	timeout	
avr-bmc	/home/benchmarks/systemc/QF_BV/token_ring.2.smv	timeout	
avr-bmc	/home/benchmarks/systemc/QF_BV/token_ring.3.smv	timeout	
avr-bmc	/home/benchmarks/systemc/QF_BV/token_ring.4.smv	timeout	
avr-bmc	/home/benchmarks/systemc/QF_BV/token_ring.5.smv	timeout	
avr-bmc	/home/benchmarks/systemc/QF_BV/token_ring.6.smv	timeout	
avr-bmc	/home/benchmarks/systemc/QF_BV/token_ring.7.smv	timeout	
avr-bmc	/home/benchmarks/systemc/QF_BV/token_ring.8.smv	timeout	
avr-bmc	/home/benchmarks/systemc/QF_BV/token_ring.9.smv	timeout	
avr-bmc	/home/benchmarks/systemc/QF_BV/token_ring.10.smv	timeout	
avr-bmc	/home/benchmarks/systemc/QF_BV/token_ring.11.smv	timeout	
avr-bmc	/home/benchmarks/systemc/QF_BV/token_ring.12.smv	timeout	
avr-bmc	/home/benchmarks/systemc/QF_BV/token_ring.13.smv	timeout	
avr-bmc	/home/benchmarks/systemc/QF_BV/toy-bug-1.smv	sat	35.650982
avr-bmc	/home/benchmarks/systemc/QF_BV/toy-bug-2.smv	sat	26.040057
avr-bmc	/home/benchmarks/systemc/QF_BV/toy.smv	timeout	
avr-bmc	/home/benchmarks/systemc/QF_BV/transmitter.1.smv	sat	3.375117
avr-bmc	/home/benchmarks/systemc/QF_BV/transmitter.2.smv	sat	6.721696
avr-bmc	/home/benchmarks/systemc/QF_BV/transmitter.3.smv	sat	23.424136
avr-bmc	/home/benchmarks/systemc/QF_BV/transmitter.4.smv	sat	71.645799
avr-bmc	/home/benchmarks/systemc/QF_BV/transmitter.5.smv	sat	143.947512
avr-bmc	/home/benchmarks/systemc/QF_BV/transmitter.6.smv	sat	355.446462
avr-bmc	/home/benchmarks/systemc/QF_BV/transmitter.7.smv	sat	1845.459681
avr-bmc	/home/benchmarks/systemc/QF_BV/transmitter.8.smv	timeout	
avr-bmc	/home/benchmarks/systemc/QF_BV/transmitter.9.smv	timeout	
avr-bmc	/home/benchmarks/systemc/QF_BV/transmitter.10.smv	timeout	
avr-bmc	/home/benchmarks/systemc/QF_BV/transmitter.11.smv	timeout	
avr-bmc	/home/benchmarks/systemc/QF_BV/transmitter.12.smv	timeout	
avr-bmc	/home/benchmarks/systemc/QF_BV/transmitter.13.smv	timeout	
avr-bmc	/home/benchmarks/vcegar/QF_BV/itc99_b13_p01.smv	timeout	
avr-bmc	/home/benchmarks/vcegar/QF_BV/itc99_b13_p03.smv	memout	
avr-bmc	/home/benchmarks/vcegar/QF_BV/itc99_b13_p06.smv	timeout	
avr-bmc	/home/benchmarks/vcegar/QF_BV/itc99_b13_p07.smv	timeout	
avr-bmc	/home/benchmarks/vcegar/QF_BV/itc99_b13_p08.smv	timeout	
avr-bmc	/home/benchmarks/vcegar/QF_BV/itc99_b13_p09.smv	timeout	
avr-bmc	/home/benchmarks/vcegar/QF_BV/itc99_b13_p10.smv	timeout	
avr-bmc	/home/benchmarks/vcegar/QF_BV/itc99_b13_p11.smv	timeout	
avr-bmc	/home/benchmarks/vcegar/QF_BV/itc99_b13_p12.smv	timeout	
avr-bmc	/home/benchmarks/vcegar/QF_BV/itc99_b13_p13.smv	timeout	
avr-bmc	/home/benchmarks/vcegar/QF_BV/itc99_b13_p14.smv	timeout	
avr-bmc	/home/benchmarks/vcegar/QF_BV/itc99_b13_p15.smv	memout	
avr-bmc	/home/benchmarks/vcegar/QF_BV/itc99_b13_p20.smv	timeout	
avr-bmc	/home/benchmarks/vcegar/QF_BV/itc99_b13_p22.smv	timeout	
avr-bmc	/home/benchmarks/vcegar/QF_BV/pj_icu_icctl_p1.smv	memout	
avr-bmc	/home/benchmarks/vcegar/QF_BV/pj_icu_icctl_p2.smv	memout	
avr-bmc	/home/benchmarks/vcegar/QF_BV/sdlx_control.smv	sat	2.270703
avr-bmc	/home/benchmarks/vcegar/QF_BV/usb_phy_1.smv	sat	8.271369
avr-bmc	/home/benchmarks/vcegar/arrays/itc99_b12_p1.smv	sat	2.637963
avr-bmc	/home/benchmarks/vcegar/arrays/itc99_b12_p2.smv	timeout	
avr-bmc	/home/benchmarks/vis/QF_BV/bcuvis32.smv	timeout	
avr-bmc	/home/benchmarks/vis/QF_BV/fru32_p1.smv	sat	3.590139
avr-bmc	/home/benchmarks/vis/QF_BV/fru32_p2.smv	sat	2.166908
avr-bmc	/home/benchmarks/vis/QF_BV/fru32_p3.smv	sat	1.649302
avr-bmc	/home/benchmarks/vis/QF_BV/ibuf.smv	sat	2.202782
avr-bmc	/home/benchmarks/vis/QF_BV/rotate32.smv	sat	2.254946
avr-bmc	/home/benchmarks/vis/QF_BV/spinner32.smv	sat	1.821263
avr-bmc	/home/benchmarks/vis/QF_BV/s1269b_p1.smv	timeout	
avr-bmc	/home/benchmarks/vis/QF_BV/s1269b_p2.smv	timeout	
avr-bmc	/home/benchmarks/vis/QF_BV/s1269b_p3.smv	timeout	
avr-bmc	/home/benchmarks/vis/QF_BV/s1269b_p4.smv	sat	2.329029
avr-bmc	/home/benchmarks/vis/QF_BV/s1269b_p5.smv	sat	1.970975
avr-bmc	/home/benchmarks/vis/QF_BV/vMiim_p1.smv	memout	
avr-bmc	/home/benchmarks/vis/QF_BV/vMiim_p2.smv	sat	3.639755
avr-bmc	/home/benchmarks/vis/QF_BV/vlunc.smv	sat	1.786727
avr-bmc	/home/benchmarks/vis/arrays/FIFOs.smv	memout	
avr-bmc	/home/benchmarks/vis/arrays/am2901.smv	sat	2688.3848
avr-bmc	/home/benchmarks/vis/arrays/am2910_p1.smv	memout	
avr-bmc	/home/benchmarks/vis/arrays/am2910_p2.smv	memout	
avr-bmc	/home/benchmarks/vis/arrays/am2910_p3.smv	memout	
avr-bmc	/home/benchmarks/vis/arrays/am2910_p4.smv	timeout	
avr-bmc	/home/benchmarks/vis/arrays/bpbs_p1.smv	unknown	
avr-bmc	/home/benchmarks/vis/arrays/bpbs_p2.smv	sat	2.691477
avr-bmc	/home/benchmarks/vis/arrays/bpbs_p3.smv	sat	1.973871
avr-bmc	/home/benchmarks/vis/arrays/bpbs_p4.smv	sat	14.675385
avr-bmc	/home/benchmarks/vis/arrays/buf_bug.smv	sat	1.832431
avr-bmc	/home/benchmarks/vis/arrays/bufferAlloc.smv	sat	1.883442
avr-bmc	/home/benchmarks/vis/arrays/field5.smv	memout	
avr-bmc	/home/benchmarks/vis/arrays/palu.smv	memout	
avr-bmc	/home/benchmarks/vis/arrays/twoFifo1_p1.smv	memout	
avr-bmc	/home/benchmarks/vis/arrays/twoFifo1_p2.smv	memout	
avr-bmc	/home/benchmarks/vis/arrays/twoFifo1_p3.smv	memout	
avr-bmc	/home/benchmarks/vis/arrays/two_p1.smv	timeout	
avr-bmc	/home/benchmarks/vis/arrays/two_p2.smv	unknown	
avr-bmc	/home/benchmarks/vis/arrays/vsaR_p01.smv	memout	
avr-bmc	/home/benchmarks/vis/arrays/vsaR_p02.smv	memout	
avr-bmc	/home/benchmarks/vis/arrays/vsaR_p03.smv	memout	
avr-bmc	/home/benchmarks/vis/arrays/vsaR_p04.smv	memout	
avr-bmc	/home/benchmarks/vis/arrays/vsaR_p05.smv	memout	
avr-bmc	/home/benchmarks/vis/arrays/vsaR_p06.smv	memout	
avr-bmc	/home/benchmarks/vis/arrays/vsaR_p07.smv	memout	
avr-bmc	/home/benchmarks/vis/arrays/vsaR_p08.smv	memout	
avr-bmc	/home/benchmarks/vis/arrays/vsaR_p09.smv	memout	
avr-bmc	/home/benchmarks/vis/arrays/vsaR_p10.smv	memout	
avr-bmc	/home/benchmarks/vis/arrays/vsaR_p11.smv	memout	
avr-bmc	/home/benchmarks/vis/arrays/vsaR_p12.smv	memout	
avr-bmc	/home/benchmarks/vis/arrays/vsaR_p13.smv	memout	
avr-bmc	/home/benchmarks/vis/arrays/vsaR_p14.smv	memout	
avr-bmc	/home/benchmarks/vis/arrays/vsaR_p15.smv	memout	
avr-bmc	/home/benchmarks/vis/arrays/vsaR_p16.smv	memout	
avr-bmc	/home/benchmarks/vis/arrays/vsa16a_p1.smv	sat	2.482354
avr-bmc	/home/benchmarks/vis/arrays/vsa16a_p2.smv	timeout	
avr-bmc	/home/benchmarks/vis/arrays/vsa16a_p3.smv	memout	
avr-bmc	/home/benchmarks/vis/arrays/vsa16a_p4.smv	timeout	
avr-bmc	/home/benchmarks/vis/arrays/vsa16a_p5.smv	memout	
avr-bmc	/home/benchmarks/vis/arrays/vsa16a_p6.smv	sat	2.245694
avr-bmc	/home/benchmarks/vis/arrays/vsa16a_p7.smv	sat	2.136545
avr-bmc	/home/benchmarks/vis/arrays/vsa16a_p8.smv	sat	2.269868
