nuxmv-bmc	/home/moxi-mc-flow/benchmarks/beem/QF_BV/adding.1.prop1-back-serstep.btor.smv	sat	0.174771
nuxmv-bmc	/home/moxi-mc-flow/benchmarks/beem/QF_BV/adding.1.prop1-func-interl.btor.smv	sat	1.474299
nuxmv-bmc	/home/moxi-mc-flow/benchmarks/beem/QF_BV/adding.2.prop1-back-serstep.btor.smv	sat	8.835854
nuxmv-bmc	/home/moxi-mc-flow/benchmarks/beem/QF_BV/adding.2.prop1-func-interl.btor.smv	sat	105.419376
nuxmv-bmc	/home/moxi-mc-flow/benchmarks/beem/QF_BV/adding.3.prop1-back-serstep.btor.smv	sat	133.524168
nuxmv-bmc	/home/moxi-mc-flow/benchmarks/beem/QF_BV/adding.3.prop1-func-interl.btor.smv	sat	253.054969
nuxmv-bmc	/home/moxi-mc-flow/benchmarks/beem/QF_BV/adding.4.prop1-back-serstep.btor.smv	sat	401.753606
nuxmv-bmc	/home/moxi-mc-flow/benchmarks/beem/QF_BV/adding.4.prop1-func-interl.btor.smv	sat	592.84022
nuxmv-bmc	/home/moxi-mc-flow/benchmarks/beem/QF_BV/adding.5.prop1-back-serstep.btor.smv	sat	155.841975
nuxmv-bmc	/home/moxi-mc-flow/benchmarks/beem/QF_BV/adding.5.prop1-func-interl.btor.smv	sat	599.585495
nuxmv-bmc	/home/moxi-mc-flow/benchmarks/beem/QF_BV/adding.6.prop1-back-serstep.btor.smv	sat	282.653202
nuxmv-bmc	/home/moxi-mc-flow/benchmarks/beem/QF_BV/adding.6.prop1-func-interl.btor.smv	memout	
nuxmv-bmc	/home/moxi-mc-flow/benchmarks/beem/QF_BV/anderson.1.prop1-back-serstep.btor.smv	sat	0.05271
nuxmv-bmc	/home/moxi-mc-flow/benchmarks/beem/QF_BV/anderson.1.prop1-func-interl.btor.smv	sat	0.478128
nuxmv-bmc	/home/moxi-mc-flow/benchmarks/beem/QF_BV/anderson.2.prop1-back-serstep.btor.smv	timeout	
nuxmv-bmc	/home/moxi-mc-flow/benchmarks/beem/QF_BV/anderson.2.prop1-func-interl.btor.smv	timeout	
nuxmv-bmc	/home/moxi-mc-flow/benchmarks/beem/QF_BV/anderson.3.prop1-back-serstep.btor.smv	sat	0.221295
nuxmv-bmc	/home/moxi-mc-flow/benchmarks/beem/QF_BV/anderson.3.prop1-func-interl.btor.smv	sat	39.590142
nuxmv-bmc	/home/moxi-mc-flow/benchmarks/beem/QF_BV/anderson.4.prop1-back-serstep.btor.smv	timeout	
nuxmv-bmc	/home/moxi-mc-flow/benchmarks/beem/QF_BV/anderson.4.prop1-func-interl.btor.smv	timeout	
nuxmv-bmc	/home/moxi-mc-flow/benchmarks/beem/QF_BV/anderson.5.prop1-back-serstep.btor.smv	sat	0.603822
nuxmv-bmc	/home/moxi-mc-flow/benchmarks/beem/QF_BV/anderson.5.prop1-func-interl.btor.smv	timeout	
nuxmv-bmc	/home/moxi-mc-flow/benchmarks/beem/QF_BV/anderson.6.prop1-back-serstep.btor.smv	timeout	
nuxmv-bmc	/home/moxi-mc-flow/benchmarks/beem/QF_BV/anderson.6.prop1-func-interl.btor.smv	memout	
nuxmv-bmc	/home/moxi-mc-flow/benchmarks/beem/QF_BV/anderson.7.prop1-back-serstep.btor.smv	sat	0.609963
nuxmv-bmc	/home/moxi-mc-flow/benchmarks/beem/QF_BV/anderson.7.prop1-func-interl.btor.smv	timeout	
nuxmv-bmc	/home/moxi-mc-flow/benchmarks/beem/QF_BV/anderson.8.prop1-back-serstep.btor.smv	timeout	
nuxmv-bmc	/home/moxi-mc-flow/benchmarks/beem/QF_BV/anderson.8.prop1-func-interl.btor.smv	timeout	
nuxmv-bmc	/home/moxi-mc-flow/benchmarks/beem/QF_BV/at.1.prop1-back-serstep.btor.smv	timeout	
nuxmv-bmc	/home/moxi-mc-flow/benchmarks/beem/QF_BV/at.1.prop1-func-interl.btor.smv	timeout	
nuxmv-bmc	/home/moxi-mc-flow/benchmarks/beem/QF_BV/at.2.prop1-back-serstep.btor.smv	memout	
nuxmv-bmc	/home/moxi-mc-flow/benchmarks/beem/QF_BV/at.2.prop1-func-interl.btor.smv	sat	2.939783
nuxmv-bmc	/home/moxi-mc-flow/benchmarks/beem/QF_BV/at.3.prop1-back-serstep.btor.smv	sat	10.30538
nuxmv-bmc	/home/moxi-mc-flow/benchmarks/beem/QF_BV/at.3.prop1-func-interl.btor.smv	sat	12.127999
nuxmv-bmc	/home/moxi-mc-flow/benchmarks/beem/QF_BV/at.4.prop1-back-serstep.btor.smv	timeout	
nuxmv-bmc	/home/moxi-mc-flow/benchmarks/beem/QF_BV/at.4.prop1-func-interl.btor.smv	timeout	
nuxmv-bmc	/home/moxi-mc-flow/benchmarks/beem/QF_BV/at.5.prop1-back-serstep.btor.smv	memout	
nuxmv-bmc	/home/moxi-mc-flow/benchmarks/beem/QF_BV/at.5.prop1-func-interl.btor.smv	memout	
nuxmv-bmc	/home/moxi-mc-flow/benchmarks/beem/QF_BV/at.6.prop1-back-serstep.btor.smv	sat	62.651654
nuxmv-bmc	/home/moxi-mc-flow/benchmarks/beem/QF_BV/at.6.prop1-func-interl.btor.smv	sat	36.488153
nuxmv-bmc	/home/moxi-mc-flow/benchmarks/beem/QF_BV/at.7.prop1-back-serstep.btor.smv	timeout	
nuxmv-bmc	/home/moxi-mc-flow/benchmarks/beem/QF_BV/at.7.prop1-func-interl.btor.smv	timeout	
nuxmv-bmc	/home/moxi-mc-flow/benchmarks/beem/QF_BV/bakery.1.prop1-back-serstep.btor.smv	timeout	
nuxmv-bmc	/home/moxi-mc-flow/benchmarks/beem/QF_BV/bakery.1.prop1-func-interl.btor.smv	timeout	
nuxmv-bmc	/home/moxi-mc-flow/benchmarks/beem/QF_BV/bakery.2.prop1-back-serstep.btor.smv	sat	0.141678
nuxmv-bmc	/home/moxi-mc-flow/benchmarks/beem/QF_BV/bakery.2.prop1-func-interl.btor.smv	sat	3.296465
nuxmv-bmc	/home/moxi-mc-flow/benchmarks/beem/QF_BV/bakery.3.prop1-back-serstep.btor.smv	timeout	
nuxmv-bmc	/home/moxi-mc-flow/benchmarks/beem/QF_BV/bakery.3.prop1-func-interl.btor.smv	timeout	
nuxmv-bmc	/home/moxi-mc-flow/benchmarks/beem/QF_BV/bakery.4.prop1-back-serstep.btor.smv	sat	1.545325
nuxmv-bmc	/home/moxi-mc-flow/benchmarks/beem/QF_BV/bakery.4.prop1-func-interl.btor.smv	sat	61.908351
nuxmv-bmc	/home/moxi-mc-flow/benchmarks/beem/QF_BV/bakery.5.prop1-back-serstep.btor.smv	memout	
nuxmv-bmc	/home/moxi-mc-flow/benchmarks/beem/QF_BV/bakery.5.prop1-func-interl.btor.smv	timeout	
nuxmv-bmc	/home/moxi-mc-flow/benchmarks/beem/QF_BV/bakery.6.prop1-back-serstep.btor.smv	memout	
nuxmv-bmc	/home/moxi-mc-flow/benchmarks/beem/QF_BV/bakery.6.prop1-func-interl.btor.smv	sat	936.014021
nuxmv-bmc	/home/moxi-mc-flow/benchmarks/beem/QF_BV/bakery.7.prop1-back-serstep.btor.smv	timeout	
nuxmv-bmc	/home/moxi-mc-flow/benchmarks/beem/QF_BV/bakery.7.prop1-func-interl.btor.smv	memout	
nuxmv-bmc	/home/moxi-mc-flow/benchmarks/beem/QF_BV/bakery.8.prop1-back-serstep.btor.smv	memout	
nuxmv-bmc	/home/moxi-mc-flow/benchmarks/beem/QF_BV/bakery.8.prop1-func-interl.btor.smv	memout	
nuxmv-bmc	/home/moxi-mc-flow/benchmarks/beem/QF_BV/blocks.2.prop1-back-serstep.btor.smv	timeout	
nuxmv-bmc	/home/moxi-mc-flow/benchmarks/beem/QF_BV/blocks.2.prop1-func-interl.btor.smv	timeout	
nuxmv-bmc	/home/moxi-mc-flow/benchmarks/beem/QF_BV/blocks.3.prop1-back-serstep.btor.smv	sat	5.10342
nuxmv-bmc	/home/moxi-mc-flow/benchmarks/beem/QF_BV/blocks.3.prop1-func-interl.btor.smv	memout	
nuxmv-bmc	/home/moxi-mc-flow/benchmarks/beem/QF_BV/blocks.4.prop1-back-serstep.btor.smv	sat	587.330345
nuxmv-bmc	/home/moxi-mc-flow/benchmarks/beem/QF_BV/blocks.4.prop1-func-interl.btor.smv	timeout	
nuxmv-bmc	/home/moxi-mc-flow/benchmarks/beem/QF_BV/bridge.1.prop1-back-serstep.btor.smv	sat	30.255203
nuxmv-bmc	/home/moxi-mc-flow/benchmarks/beem/QF_BV/bridge.1.prop1-func-interl.btor.smv	sat	31.165198
nuxmv-bmc	/home/moxi-mc-flow/benchmarks/beem/QF_BV/bridge.2.prop1-back-serstep.btor.smv	memout	
nuxmv-bmc	/home/moxi-mc-flow/benchmarks/beem/QF_BV/bridge.2.prop1-func-interl.btor.smv	sat	1258.45898
nuxmv-bmc	/home/moxi-mc-flow/benchmarks/beem/QF_BV/bridge.3.prop1-back-serstep.btor.smv	timeout	
nuxmv-bmc	/home/moxi-mc-flow/benchmarks/beem/QF_BV/bridge.3.prop1-func-interl.btor.smv	timeout	
nuxmv-bmc	/home/moxi-mc-flow/benchmarks/beem/QF_BV/brp.1.prop1-back-serstep.btor.smv	timeout	
nuxmv-bmc	/home/moxi-mc-flow/benchmarks/beem/QF_BV/brp.1.prop1-func-interl.btor.smv	memout	
nuxmv-bmc	/home/moxi-mc-flow/benchmarks/beem/QF_BV/brp.2.prop1-back-serstep.btor.smv	sat	0.765668
nuxmv-bmc	/home/moxi-mc-flow/benchmarks/beem/QF_BV/brp.2.prop1-func-interl.btor.smv	sat	5.241958
nuxmv-bmc	/home/moxi-mc-flow/benchmarks/beem/QF_BV/brp.3.prop1-back-serstep.btor.smv	sat	0.88847
nuxmv-bmc	/home/moxi-mc-flow/benchmarks/beem/QF_BV/brp.3.prop1-func-interl.btor.smv	memout	
nuxmv-bmc	/home/moxi-mc-flow/benchmarks/beem/QF_BV/brp.4.prop1-back-serstep.btor.smv	sat	1.339799
nuxmv-bmc	/home/moxi-mc-flow/benchmarks/beem/QF_BV/brp.4.prop1-func-interl.btor.smv	sat	9.796411
nuxmv-bmc	/home/moxi-mc-flow/benchmarks/beem/QF_BV/brp.5.prop1-back-serstep.btor.smv	sat	1.467609
nuxmv-bmc	/home/moxi-mc-flow/benchmarks/beem/QF_BV/brp.5.prop1-func-interl.btor.smv	sat	10.012224
nuxmv-bmc	/home/moxi-mc-flow/benchmarks/beem/QF_BV/brp.6.prop1-back-serstep.btor.smv	sat	1.575362
nuxmv-bmc	/home/moxi-mc-flow/benchmarks/beem/QF_BV/brp.6.prop1-func-interl.btor.smv	sat	13.565346
nuxmv-bmc	/home/moxi-mc-flow/benchmarks/beem/QF_BV/brp2.1.prop1-back-serstep.btor.smv	sat	658.17525
nuxmv-bmc	/home/moxi-mc-flow/benchmarks/beem/QF_BV/brp2.1.prop1-func-interl.btor.smv	memout	
nuxmv-bmc	/home/moxi-mc-flow/benchmarks/beem/QF_BV/brp2.1.prop2-back-serstep.btor.smv	timeout	
nuxmv-bmc	/home/moxi-mc-flow/benchmarks/beem/QF_BV/brp2.1.prop2-func-interl.btor.smv	timeout	
nuxmv-bmc	/home/moxi-mc-flow/benchmarks/beem/QF_BV/brp2.1.prop3-back-serstep.btor.smv	timeout	
nuxmv-bmc	/home/moxi-mc-flow/benchmarks/beem/QF_BV/brp2.1.prop3-func-interl.btor.smv	timeout	
nuxmv-bmc	/home/moxi-mc-flow/benchmarks/beem/QF_BV/brp2.2.prop1-back-serstep.btor.smv	timeout	
nuxmv-bmc	/home/moxi-mc-flow/benchmarks/beem/QF_BV/brp2.2.prop1-func-interl.btor.smv	timeout	
nuxmv-bmc	/home/moxi-mc-flow/benchmarks/beem/QF_BV/brp2.2.prop2-back-serstep.btor.smv	timeout	
nuxmv-bmc	/home/moxi-mc-flow/benchmarks/beem/QF_BV/brp2.2.prop2-func-interl.btor.smv	timeout	
nuxmv-bmc	/home/moxi-mc-flow/benchmarks/beem/QF_BV/brp2.2.prop3-back-serstep.btor.smv	timeout	
nuxmv-bmc	/home/moxi-mc-flow/benchmarks/beem/QF_BV/brp2.2.prop3-func-interl.btor.smv	timeout	
nuxmv-bmc	/home/moxi-mc-flow/benchmarks/beem/QF_BV/brp2.3.prop1-back-serstep.btor.smv	sat	591.201644
nuxmv-bmc	/home/moxi-mc-flow/benchmarks/beem/QF_BV/brp2.3.prop1-func-interl.btor.smv	timeout	
nuxmv-bmc	/home/moxi-mc-flow/benchmarks/beem/QF_BV/brp2.3.prop2-back-serstep.btor.smv	timeout	
nuxmv-bmc	/home/moxi-mc-flow/benchmarks/beem/QF_BV/brp2.3.prop2-func-interl.btor.smv	timeout	
nuxmv-bmc	/home/moxi-mc-flow/benchmarks/beem/QF_BV/brp2.3.prop3-back-serstep.btor.smv	timeout	
nuxmv-bmc	/home/moxi-mc-flow/benchmarks/beem/QF_BV/brp2.3.prop3-func-interl.btor.smv	timeout	
nuxmv-bmc	/home/moxi-mc-flow/benchmarks/beem/QF_BV/brp2.4.prop1-back-serstep.btor.smv	timeout	
nuxmv-bmc	/home/moxi-mc-flow/benchmarks/beem/QF_BV/brp2.4.prop1-func-interl.btor.smv	timeout	
nuxmv-bmc	/home/moxi-mc-flow/benchmarks/beem/QF_BV/brp2.4.prop2-back-serstep.btor.smv	timeout	
nuxmv-bmc	/home/moxi-mc-flow/benchmarks/beem/QF_BV/brp2.4.prop2-func-interl.btor.smv	timeout	
nuxmv-bmc	/home/moxi-mc-flow/benchmarks/beem/QF_BV/brp2.4.prop3-back-serstep.btor.smv	timeout	
nuxmv-bmc	/home/moxi-mc-flow/benchmarks/beem/QF_BV/brp2.4.prop3-func-interl.btor.smv	timeout	
nuxmv-bmc	/home/moxi-mc-flow/benchmarks/beem/QF_BV/brp2.5.prop1-back-serstep.btor.smv	timeout	
nuxmv-bmc	/home/moxi-mc-flow/benchmarks/beem/QF_BV/brp2.5.prop1-func-interl.btor.smv	timeout	
nuxmv-bmc	/home/moxi-mc-flow/benchmarks/beem/QF_BV/brp2.5.prop2-back-serstep.btor.smv	timeout	
nuxmv-bmc	/home/moxi-mc-flow/benchmarks/beem/QF_BV/brp2.5.prop2-func-interl.btor.smv	timeout	
nuxmv-bmc	/home/moxi-mc-flow/benchmarks/beem/QF_BV/brp2.5.prop3-back-serstep.btor.smv	timeout	
nuxmv-bmc	/home/moxi-mc-flow/benchmarks/beem/QF_BV/brp2.5.prop3-func-interl.btor.smv	timeout	
nuxmv-bmc	/home/moxi-mc-flow/benchmarks/beem/QF_BV/brp2.6.prop1-back-serstep.btor.smv	timeout	
nuxmv-bmc	/home/moxi-mc-flow/benchmarks/beem/QF_BV/brp2.6.prop1-func-interl.btor.smv	timeout	
nuxmv-bmc	/home/moxi-mc-flow/benchmarks/beem/QF_BV/brp2.6.prop2-back-serstep.btor.smv	timeout	
nuxmv-bmc	/home/moxi-mc-flow/benchmarks/beem/QF_BV/brp2.6.prop2-func-interl.btor.smv	timeout	
nuxmv-bmc	/home/moxi-mc-flow/benchmarks/beem/QF_BV/brp2.6.prop3-back-serstep.btor.smv	timeout	
nuxmv-bmc	/home/moxi-mc-flow/benchmarks/beem/QF_BV/brp2.6.prop3-func-interl.btor.smv	timeout	
nuxmv-bmc	/home/moxi-mc-flow/benchmarks/beem/QF_BV/cambridge.1.prop1-back-serstep.btor.smv	timeout	
nuxmv-bmc	/home/moxi-mc-flow/benchmarks/beem/QF_BV/cambridge.1.prop1-func-interl.btor.smv	memout	
nuxmv-bmc	/home/moxi-mc-flow/benchmarks/beem/QF_BV/cambridge.1.prop2-back-serstep.btor.smv	timeout	
nuxmv-bmc	/home/moxi-mc-flow/benchmarks/beem/QF_BV/cambridge.1.prop2-func-interl.btor.smv	timeout	
nuxmv-bmc	/home/moxi-mc-flow/benchmarks/beem/QF_BV/cambridge.2.prop1-back-serstep.btor.smv	sat	23.893171
nuxmv-bmc	/home/moxi-mc-flow/benchmarks/beem/QF_BV/cambridge.2.prop1-func-interl.btor.smv	sat	158.228842
nuxmv-bmc	/home/moxi-mc-flow/benchmarks/beem/QF_BV/cambridge.2.prop2-back-serstep.btor.smv	timeout	
nuxmv-bmc	/home/moxi-mc-flow/benchmarks/beem/QF_BV/cambridge.2.prop2-func-interl.btor.smv	timeout	
nuxmv-bmc	/home/moxi-mc-flow/benchmarks/beem/QF_BV/cambridge.3.prop1-back-serstep.btor.smv	timeout	
nuxmv-bmc	/home/moxi-mc-flow/benchmarks/beem/QF_BV/cambridge.3.prop1-func-interl.btor.smv	timeout	
nuxmv-bmc	/home/moxi-mc-flow/benchmarks/beem/QF_BV/cambridge.3.prop2-back-serstep.btor.smv	timeout	
nuxmv-bmc	/home/moxi-mc-flow/benchmarks/beem/QF_BV/cambridge.3.prop2-func-interl.btor.smv	memout	
nuxmv-bmc	/home/moxi-mc-flow/benchmarks/beem/QF_BV/cambridge.4.prop1-back-serstep.btor.smv	timeout	
nuxmv-bmc	/home/moxi-mc-flow/benchmarks/beem/QF_BV/cambridge.4.prop1-func-interl.btor.smv	timeout	
nuxmv-bmc	/home/moxi-mc-flow/benchmarks/beem/QF_BV/cambridge.4.prop2-back-serstep.btor.smv	timeout	
nuxmv-bmc	/home/moxi-mc-flow/benchmarks/beem/QF_BV/cambridge.4.prop2-func-interl.btor.smv	timeout	
nuxmv-bmc	/home/moxi-mc-flow/benchmarks/beem/QF_BV/cambridge.5.prop1-back-serstep.btor.smv	timeout	
nuxmv-bmc	/home/moxi-mc-flow/benchmarks/beem/QF_BV/cambridge.5.prop1-func-interl.btor.smv	timeout	
nuxmv-bmc	/home/moxi-mc-flow/benchmarks/beem/QF_BV/cambridge.5.prop2-back-serstep.btor.smv	timeout	
nuxmv-bmc	/home/moxi-mc-flow/benchmarks/beem/QF_BV/cambridge.5.prop2-func-interl.btor.smv	timeout	
nuxmv-bmc	/home/moxi-mc-flow/benchmarks/beem/QF_BV/cambridge.6.prop1-back-serstep.btor.smv	sat	35.728687
nuxmv-bmc	/home/moxi-mc-flow/benchmarks/beem/QF_BV/cambridge.6.prop1-func-interl.btor.smv	sat	157.418871
nuxmv-bmc	/home/moxi-mc-flow/benchmarks/beem/QF_BV/cambridge.6.prop2-back-serstep.btor.smv	timeout	
nuxmv-bmc	/home/moxi-mc-flow/benchmarks/beem/QF_BV/cambridge.6.prop2-func-interl.btor.smv	timeout	
nuxmv-bmc	/home/moxi-mc-flow/benchmarks/beem/QF_BV/cambridge.7.prop1-back-serstep.btor.smv	sat	191.564868
nuxmv-bmc	/home/moxi-mc-flow/benchmarks/beem/QF_BV/cambridge.7.prop1-func-interl.btor.smv	sat	152.344751
nuxmv-bmc	/home/moxi-mc-flow/benchmarks/beem/QF_BV/cambridge.7.prop2-back-serstep.btor.smv	timeout	
nuxmv-bmc	/home/moxi-mc-flow/benchmarks/beem/QF_BV/cambridge.7.prop2-func-interl.btor.smv	timeout	
nuxmv-bmc	/home/moxi-mc-flow/benchmarks/beem/QF_BV/collision.1.prop1-back-serstep.btor.smv	timeout	
nuxmv-bmc	/home/moxi-mc-flow/benchmarks/beem/QF_BV/collision.1.prop1-func-interl.btor.smv	timeout	
nuxmv-bmc	/home/moxi-mc-flow/benchmarks/beem/QF_BV/collision.2.prop1-back-serstep.btor.smv	sat	1.21034
nuxmv-bmc	/home/moxi-mc-flow/benchmarks/beem/QF_BV/collision.2.prop1-func-interl.btor.smv	sat	4.543918
nuxmv-bmc	/home/moxi-mc-flow/benchmarks/beem/QF_BV/collision.3.prop1-back-serstep.btor.smv	memout	
nuxmv-bmc	/home/moxi-mc-flow/benchmarks/beem/QF_BV/collision.3.prop1-func-interl.btor.smv	timeout	
nuxmv-bmc	/home/moxi-mc-flow/benchmarks/beem/QF_BV/collision.4.prop1-back-serstep.btor.smv	memout	
nuxmv-bmc	/home/moxi-mc-flow/benchmarks/beem/QF_BV/collision.4.prop1-func-interl.btor.smv	timeout	
nuxmv-bmc	/home/moxi-mc-flow/benchmarks/beem/QF_BV/collision.5.prop1-back-serstep.btor.smv	sat	2.550809
nuxmv-bmc	/home/moxi-mc-flow/benchmarks/beem/QF_BV/collision.5.prop1-func-interl.btor.smv	sat	24.655527
nuxmv-bmc	/home/moxi-mc-flow/benchmarks/beem/QF_BV/collision.6.prop1-back-serstep.btor.smv	timeout	
nuxmv-bmc	/home/moxi-mc-flow/benchmarks/beem/QF_BV/collision.6.prop1-func-interl.btor.smv	timeout	
nuxmv-bmc	/home/moxi-mc-flow/benchmarks/beem/QF_BV/cyclic_scheduler.1.prop1-back-serstep.btor.smv	memout	
nuxmv-bmc	/home/moxi-mc-flow/benchmarks/beem/QF_BV/cyclic_scheduler.1.prop1-func-interl.btor.smv	timeout	
nuxmv-bmc	/home/moxi-mc-flow/benchmarks/beem/QF_BV/cyclic_scheduler.2.prop1-back-serstep.btor.smv	sat	0.218968
nuxmv-bmc	/home/moxi-mc-flow/benchmarks/beem/QF_BV/cyclic_scheduler.2.prop1-func-interl.btor.smv	sat	0.461108
nuxmv-bmc	/home/moxi-mc-flow/benchmarks/beem/QF_BV/cyclic_scheduler.3.prop1-back-serstep.btor.smv	memout	
nuxmv-bmc	/home/moxi-mc-flow/benchmarks/beem/QF_BV/cyclic_scheduler.3.prop1-func-interl.btor.smv	timeout	
nuxmv-bmc	/home/moxi-mc-flow/benchmarks/beem/QF_BV/cyclic_scheduler.4.prop1-back-serstep.btor.smv	sat	0.828296
nuxmv-bmc	/home/moxi-mc-flow/benchmarks/beem/QF_BV/cyclic_scheduler.4.prop1-func-interl.btor.smv	sat	1.272294
nuxmv-bmc	/home/moxi-mc-flow/benchmarks/beem/QF_BV/driving_phils.1.prop1-back-serstep.btor.smv	memout	
nuxmv-bmc	/home/moxi-mc-flow/benchmarks/beem/QF_BV/driving_phils.1.prop1-func-interl.btor.smv	sat	0.066886
nuxmv-bmc	/home/moxi-mc-flow/benchmarks/beem/QF_BV/driving_phils.2.prop1-back-serstep.btor.smv	sat	0.106475
nuxmv-bmc	/home/moxi-mc-flow/benchmarks/beem/QF_BV/driving_phils.2.prop1-func-interl.btor.smv	sat	0.070419
nuxmv-bmc	/home/moxi-mc-flow/benchmarks/beem/QF_BV/driving_phils.3.prop1-back-serstep.btor.smv	sat	0.139844
nuxmv-bmc	/home/moxi-mc-flow/benchmarks/beem/QF_BV/driving_phils.3.prop1-func-interl.btor.smv	sat	0.079816
nuxmv-bmc	/home/moxi-mc-flow/benchmarks/beem/QF_BV/driving_phils.4.prop1-back-serstep.btor.smv	sat	0.163043
nuxmv-bmc	/home/moxi-mc-flow/benchmarks/beem/QF_BV/driving_phils.4.prop1-func-interl.btor.smv	sat	0.091605
nuxmv-bmc	/home/moxi-mc-flow/benchmarks/beem/QF_BV/driving_phils.5.prop1-back-serstep.btor.smv	sat	0.141985
nuxmv-bmc	/home/moxi-mc-flow/benchmarks/beem/QF_BV/driving_phils.5.prop1-func-interl.btor.smv	sat	0.080871
nuxmv-bmc	/home/moxi-mc-flow/benchmarks/beem/QF_BV/elevator.1.prop1-back-serstep.btor.smv	timeout	
nuxmv-bmc	/home/moxi-mc-flow/benchmarks/beem/QF_BV/elevator.1.prop1-func-interl.btor.smv	memout	
nuxmv-bmc	/home/moxi-mc-flow/benchmarks/beem/QF_BV/elevator.2.prop1-back-serstep.btor.smv	memout	
nuxmv-bmc	/home/moxi-mc-flow/benchmarks/beem/QF_BV/elevator.2.prop1-func-interl.btor.smv	timeout	
nuxmv-bmc	/home/moxi-mc-flow/benchmarks/beem/QF_BV/elevator.3.prop1-back-serstep.btor.smv	timeout	
nuxmv-bmc	/home/moxi-mc-flow/benchmarks/beem/QF_BV/elevator.3.prop1-func-interl.btor.smv	timeout	
nuxmv-bmc	/home/moxi-mc-flow/benchmarks/beem/QF_BV/elevator.4.prop1-back-serstep.btor.smv	timeout	
nuxmv-bmc	/home/moxi-mc-flow/benchmarks/beem/QF_BV/elevator.4.prop1-func-interl.btor.smv	memout	
nuxmv-bmc	/home/moxi-mc-flow/benchmarks/beem/QF_BV/elevator.5.prop1-back-serstep.btor.smv	timeout	
nuxmv-bmc	/home/moxi-mc-flow/benchmarks/beem/QF_BV/elevator.5.prop1-func-interl.btor.smv	timeout	
nuxmv-bmc	/home/moxi-mc-flow/benchmarks/beem/QF_BV/elevator_planning.1.prop1-back-serstep.btor.smv	sat	0.766119
nuxmv-bmc	/home/moxi-mc-flow/benchmarks/beem/QF_BV/elevator_planning.1.prop1-func-interl.btor.smv	sat	11.291271
nuxmv-bmc	/home/moxi-mc-flow/benchmarks/beem/QF_BV/elevator_planning.2.prop1-back-serstep.btor.smv	sat	2.894276
nuxmv-bmc	/home/moxi-mc-flow/benchmarks/beem/QF_BV/elevator_planning.2.prop1-func-interl.btor.smv	sat	83.789724
nuxmv-bmc	/home/moxi-mc-flow/benchmarks/beem/QF_BV/elevator_planning.3.prop1-back-serstep.btor.smv	sat	0.205481
nuxmv-bmc	/home/moxi-mc-flow/benchmarks/beem/QF_BV/elevator_planning.3.prop1-func-interl.btor.smv	sat	2.404883
nuxmv-bmc	/home/moxi-mc-flow/benchmarks/beem/QF_BV/exit.1.prop1-back-serstep.btor.smv	timeout	
nuxmv-bmc	/home/moxi-mc-flow/benchmarks/beem/QF_BV/exit.1.prop1-func-interl.btor.smv	timeout	
nuxmv-bmc	/home/moxi-mc-flow/benchmarks/beem/QF_BV/exit.2.prop1-back-serstep.btor.smv	timeout	
nuxmv-bmc	/home/moxi-mc-flow/benchmarks/beem/QF_BV/exit.2.prop1-func-interl.btor.smv	timeout	
nuxmv-bmc	/home/moxi-mc-flow/benchmarks/beem/QF_BV/exit.3.prop1-back-serstep.btor.smv	timeout	
nuxmv-bmc	/home/moxi-mc-flow/benchmarks/beem/QF_BV/exit.3.prop1-func-interl.btor.smv	timeout	
nuxmv-bmc	/home/moxi-mc-flow/benchmarks/beem/QF_BV/exit.4.prop1-back-serstep.btor.smv	sat	64.695444
nuxmv-bmc	/home/moxi-mc-flow/benchmarks/beem/QF_BV/exit.4.prop1-func-interl.btor.smv	timeout	
nuxmv-bmc	/home/moxi-mc-flow/benchmarks/beem/QF_BV/exit.5.prop1-back-serstep.btor.smv	timeout	
nuxmv-bmc	/home/moxi-mc-flow/benchmarks/beem/QF_BV/exit.5.prop1-func-interl.btor.smv	memout	
nuxmv-bmc	/home/moxi-mc-flow/benchmarks/beem/QF_BV/extinction.1.prop1-back-serstep.btor.smv	timeout	
nuxmv-bmc	/home/moxi-mc-flow/benchmarks/beem/QF_BV/extinction.1.prop1-func-interl.btor.smv	timeout	
nuxmv-bmc	/home/moxi-mc-flow/benchmarks/beem/QF_BV/extinction.2.prop1-back-serstep.btor.smv	timeout	
nuxmv-bmc	/home/moxi-mc-flow/benchmarks/beem/QF_BV/extinction.2.prop1-func-interl.btor.smv	timeout	
nuxmv-bmc	/home/moxi-mc-flow/benchmarks/beem/QF_BV/extinction.3.prop1-back-serstep.btor.smv	sat	513.881839
nuxmv-bmc	/home/moxi-mc-flow/benchmarks/beem/QF_BV/extinction.3.prop1-func-interl.btor.smv	timeout	
nuxmv-bmc	/home/moxi-mc-flow/benchmarks/beem/QF_BV/extinction.4.prop1-back-serstep.btor.smv	timeout	
nuxmv-bmc	/home/moxi-mc-flow/benchmarks/beem/QF_BV/extinction.4.prop1-func-interl.btor.smv	memout	
nuxmv-bmc	/home/moxi-mc-flow/benchmarks/beem/QF_BV/firewire_tree.1.prop1-back-serstep.btor.smv	timeout	
nuxmv-bmc	/home/moxi-mc-flow/benchmarks/beem/QF_BV/firewire_tree.1.prop1-func-interl.btor.smv	timeout	
nuxmv-bmc	/home/moxi-mc-flow/benchmarks/beem/QF_BV/firewire_tree.1.prop2-back-serstep.btor.smv	memout	
nuxmv-bmc	/home/moxi-mc-flow/benchmarks/beem/QF_BV/firewire_tree.1.prop2-func-interl.btor.smv	memout	
nuxmv-bmc	/home/moxi-mc-flow/benchmarks/beem/QF_BV/firewire_tree.1.prop3-back-serstep.btor.smv	memout	
nuxmv-bmc	/home/moxi-mc-flow/benchmarks/beem/QF_BV/firewire_tree.1.prop3-func-interl.btor.smv	memout	
nuxmv-bmc	/home/moxi-mc-flow/benchmarks/beem/QF_BV/firewire_tree.2.prop1-back-serstep.btor.smv	timeout	
nuxmv-bmc	/home/moxi-mc-flow/benchmarks/beem/QF_BV/firewire_tree.2.prop1-func-interl.btor.smv	timeout	
nuxmv-bmc	/home/moxi-mc-flow/benchmarks/beem/QF_BV/firewire_tree.2.prop2-back-serstep.btor.smv	memout	
nuxmv-bmc	/home/moxi-mc-flow/benchmarks/beem/QF_BV/firewire_tree.2.prop2-func-interl.btor.smv	timeout	
nuxmv-bmc	/home/moxi-mc-flow/benchmarks/beem/QF_BV/firewire_tree.2.prop3-back-serstep.btor.smv	sat	12.316628
nuxmv-bmc	/home/moxi-mc-flow/benchmarks/beem/QF_BV/firewire_tree.2.prop3-func-interl.btor.smv	timeout	
nuxmv-bmc	/home/moxi-mc-flow/benchmarks/beem/QF_BV/firewire_tree.3.prop1-back-serstep.btor.smv	timeout	
nuxmv-bmc	/home/moxi-mc-flow/benchmarks/beem/QF_BV/firewire_tree.3.prop1-func-interl.btor.smv	timeout	
nuxmv-bmc	/home/moxi-mc-flow/benchmarks/beem/QF_BV/firewire_tree.3.prop2-back-serstep.btor.smv	memout	
nuxmv-bmc	/home/moxi-mc-flow/benchmarks/beem/QF_BV/firewire_tree.3.prop2-func-interl.btor.smv	memout	
nuxmv-bmc	/home/moxi-mc-flow/benchmarks/beem/QF_BV/firewire_tree.3.prop3-back-serstep.btor.smv	memout	
nuxmv-bmc	/home/moxi-mc-flow/benchmarks/beem/QF_BV/firewire_tree.3.prop3-func-interl.btor.smv	memout	
nuxmv-bmc	/home/moxi-mc-flow/benchmarks/beem/QF_BV/firewire_tree.4.prop1-back-serstep.btor.smv	timeout	
nuxmv-bmc	/home/moxi-mc-flow/benchmarks/beem/QF_BV/firewire_tree.4.prop1-func-interl.btor.smv	timeout	
nuxmv-bmc	/home/moxi-mc-flow/benchmarks/beem/QF_BV/firewire_tree.4.prop2-back-serstep.btor.smv	memout	
nuxmv-bmc	/home/moxi-mc-flow/benchmarks/beem/QF_BV/firewire_tree.4.prop2-func-interl.btor.smv	memout	
nuxmv-bmc	/home/moxi-mc-flow/benchmarks/beem/QF_BV/firewire_tree.4.prop3-back-serstep.btor.smv	timeout	
nuxmv-bmc	/home/moxi-mc-flow/benchmarks/beem/QF_BV/firewire_tree.4.prop3-func-interl.btor.smv	timeout	
nuxmv-bmc	/home/moxi-mc-flow/benchmarks/beem/QF_BV/firewire_tree.5.prop1-back-serstep.btor.smv	timeout	
nuxmv-bmc	/home/moxi-mc-flow/benchmarks/beem/QF_BV/firewire_tree.5.prop1-func-interl.btor.smv	timeout	
nuxmv-bmc	/home/moxi-mc-flow/benchmarks/beem/QF_BV/firewire_tree.5.prop2-back-serstep.btor.smv	memout	
nuxmv-bmc	/home/moxi-mc-flow/benchmarks/beem/QF_BV/firewire_tree.5.prop2-func-interl.btor.smv	memout	
nuxmv-bmc	/home/moxi-mc-flow/benchmarks/beem/QF_BV/firewire_tree.5.prop3-back-serstep.btor.smv	timeout	
nuxmv-bmc	/home/moxi-mc-flow/benchmarks/beem/QF_BV/firewire_tree.5.prop3-func-interl.btor.smv	timeout	
nuxmv-bmc	/home/moxi-mc-flow/benchmarks/beem/QF_BV/fischer.1.prop1-back-serstep.btor.smv	timeout	
nuxmv-bmc	/home/moxi-mc-flow/benchmarks/beem/QF_BV/fischer.1.prop1-func-interl.btor.smv	timeout	
nuxmv-bmc	/home/moxi-mc-flow/benchmarks/beem/QF_BV/fischer.2.prop1-back-serstep.btor.smv	sat	0.566955
nuxmv-bmc	/home/moxi-mc-flow/benchmarks/beem/QF_BV/fischer.2.prop1-func-interl.btor.smv	sat	1.347689
nuxmv-bmc	/home/moxi-mc-flow/benchmarks/beem/QF_BV/fischer.3.prop1-back-serstep.btor.smv	sat	1.162461
nuxmv-bmc	/home/moxi-mc-flow/benchmarks/beem/QF_BV/fischer.3.prop1-func-interl.btor.smv	sat	3.517
nuxmv-bmc	/home/moxi-mc-flow/benchmarks/beem/QF_BV/fischer.4.prop1-back-serstep.btor.smv	timeout	
nuxmv-bmc	/home/moxi-mc-flow/benchmarks/beem/QF_BV/fischer.4.prop1-func-interl.btor.smv	memout	
nuxmv-bmc	/home/moxi-mc-flow/benchmarks/beem/QF_BV/fischer.5.prop1-back-serstep.btor.smv	sat	4.664124
nuxmv-bmc	/home/moxi-mc-flow/benchmarks/beem/QF_BV/fischer.5.prop1-func-interl.btor.smv	sat	8.025614
nuxmv-bmc	/home/moxi-mc-flow/benchmarks/beem/QF_BV/fischer.6.prop1-back-serstep.btor.smv	timeout	
nuxmv-bmc	/home/moxi-mc-flow/benchmarks/beem/QF_BV/fischer.6.prop1-func-interl.btor.smv	timeout	
nuxmv-bmc	/home/moxi-mc-flow/benchmarks/beem/QF_BV/fischer.7.prop1-back-serstep.btor.smv	sat	1.602505
nuxmv-bmc	/home/moxi-mc-flow/benchmarks/beem/QF_BV/fischer.7.prop1-func-interl.btor.smv	sat	6.095338
nuxmv-bmc	/home/moxi-mc-flow/benchmarks/beem/QF_BV/frogs.1.prop1-back-serstep.btor.smv	timeout	
nuxmv-bmc	/home/moxi-mc-flow/benchmarks/beem/QF_BV/frogs.1.prop1-func-interl.btor.smv	timeout	
nuxmv-bmc	/home/moxi-mc-flow/benchmarks/beem/QF_BV/frogs.2.prop1-back-serstep.btor.smv	sat	84.245888
nuxmv-bmc	/home/moxi-mc-flow/benchmarks/beem/QF_BV/frogs.2.prop1-func-interl.btor.smv	timeout	
nuxmv-bmc	/home/moxi-mc-flow/benchmarks/beem/QF_BV/frogs.3.prop1-back-serstep.btor.smv	timeout	
nuxmv-bmc	/home/moxi-mc-flow/benchmarks/beem/QF_BV/frogs.3.prop1-func-interl.btor.smv	timeout	
nuxmv-bmc	/home/moxi-mc-flow/benchmarks/beem/QF_BV/frogs.4.prop1-back-serstep.btor.smv	timeout	
nuxmv-bmc	/home/moxi-mc-flow/benchmarks/beem/QF_BV/frogs.4.prop1-func-interl.btor.smv	timeout	
nuxmv-bmc	/home/moxi-mc-flow/benchmarks/beem/QF_BV/frogs.5.prop1-back-serstep.btor.smv	timeout	
nuxmv-bmc	/home/moxi-mc-flow/benchmarks/beem/QF_BV/frogs.5.prop1-func-interl.btor.smv	timeout	
nuxmv-bmc	/home/moxi-mc-flow/benchmarks/beem/QF_BV/gear.1.prop1-back-serstep.btor.smv	sat	339.214076
nuxmv-bmc	/home/moxi-mc-flow/benchmarks/beem/QF_BV/gear.1.prop1-func-interl.btor.smv	sat	2003.053853
nuxmv-bmc	/home/moxi-mc-flow/benchmarks/beem/QF_BV/gear.1.prop2-back-serstep.btor.smv	sat	0.891048
nuxmv-bmc	/home/moxi-mc-flow/benchmarks/beem/QF_BV/gear.1.prop2-func-interl.btor.smv	sat	0.995711
nuxmv-bmc	/home/moxi-mc-flow/benchmarks/beem/QF_BV/gear.1.prop3-back-serstep.btor.smv	sat	2.598004
nuxmv-bmc	/home/moxi-mc-flow/benchmarks/beem/QF_BV/gear.1.prop3-func-interl.btor.smv	sat	4.197827
nuxmv-bmc	/home/moxi-mc-flow/benchmarks/beem/QF_BV/gear.1.prop4-back-serstep.btor.smv	sat	5.239089
nuxmv-bmc	/home/moxi-mc-flow/benchmarks/beem/QF_BV/gear.1.prop4-func-interl.btor.smv	sat	6.099572
nuxmv-bmc	/home/moxi-mc-flow/benchmarks/beem/QF_BV/gear.2.prop1-back-serstep.btor.smv	timeout	
nuxmv-bmc	/home/moxi-mc-flow/benchmarks/beem/QF_BV/gear.2.prop1-func-interl.btor.smv	timeout	
nuxmv-bmc	/home/moxi-mc-flow/benchmarks/beem/QF_BV/gear.2.prop2-back-serstep.btor.smv	sat	1.06441
nuxmv-bmc	/home/moxi-mc-flow/benchmarks/beem/QF_BV/gear.2.prop2-func-interl.btor.smv	sat	0.969103
nuxmv-bmc	/home/moxi-mc-flow/benchmarks/beem/QF_BV/gear.2.prop3-back-serstep.btor.smv	sat	2.789836
nuxmv-bmc	/home/moxi-mc-flow/benchmarks/beem/QF_BV/gear.2.prop3-func-interl.btor.smv	memout	
nuxmv-bmc	/home/moxi-mc-flow/benchmarks/beem/QF_BV/gear.2.prop4-back-serstep.btor.smv	sat	5.17729
nuxmv-bmc	/home/moxi-mc-flow/benchmarks/beem/QF_BV/gear.2.prop4-func-interl.btor.smv	memout	
nuxmv-bmc	/home/moxi-mc-flow/benchmarks/beem/QF_BV/hanoi.1.prop1-back-serstep.btor.smv	timeout	
nuxmv-bmc	/home/moxi-mc-flow/benchmarks/beem/QF_BV/hanoi.1.prop1-func-interl.btor.smv	timeout	
nuxmv-bmc	/home/moxi-mc-flow/benchmarks/beem/QF_BV/hanoi.2.prop1-back-serstep.btor.smv	timeout	
nuxmv-bmc	/home/moxi-mc-flow/benchmarks/beem/QF_BV/hanoi.2.prop1-func-interl.btor.smv	timeout	
nuxmv-bmc	/home/moxi-mc-flow/benchmarks/beem/QF_BV/hanoi.3.prop1-back-serstep.btor.smv	timeout	
nuxmv-bmc	/home/moxi-mc-flow/benchmarks/beem/QF_BV/hanoi.3.prop1-func-interl.btor.smv	timeout	
nuxmv-bmc	/home/moxi-mc-flow/benchmarks/beem/QF_BV/hanoi.4.prop1-back-serstep.btor.smv	timeout	
nuxmv-bmc	/home/moxi-mc-flow/benchmarks/beem/QF_BV/hanoi.4.prop1-func-interl.btor.smv	timeout	
nuxmv-bmc	/home/moxi-mc-flow/benchmarks/beem/QF_BV/iprotocol.1.prop1-back-serstep.btor.smv	memout	
nuxmv-bmc	/home/moxi-mc-flow/benchmarks/beem/QF_BV/iprotocol.1.prop1-func-interl.btor.smv	sat	0.101122
nuxmv-bmc	/home/moxi-mc-flow/benchmarks/beem/QF_BV/iprotocol.2.prop1-back-serstep.btor.smv	sat	0.114939
nuxmv-bmc	/home/moxi-mc-flow/benchmarks/beem/QF_BV/iprotocol.2.prop1-func-interl.btor.smv	sat	0.116941
nuxmv-bmc	/home/moxi-mc-flow/benchmarks/beem/QF_BV/iprotocol.3.prop1-back-serstep.btor.smv	memout	
nuxmv-bmc	/home/moxi-mc-flow/benchmarks/beem/QF_BV/iprotocol.3.prop1-func-interl.btor.smv	sat	0.112748
nuxmv-bmc	/home/moxi-mc-flow/benchmarks/beem/QF_BV/iprotocol.4.prop1-back-serstep.btor.smv	sat	0.19232
nuxmv-bmc	/home/moxi-mc-flow/benchmarks/beem/QF_BV/iprotocol.4.prop1-func-interl.btor.smv	sat	0.129156
nuxmv-bmc	/home/moxi-mc-flow/benchmarks/beem/QF_BV/iprotocol.5.prop1-back-serstep.btor.smv	memout	
nuxmv-bmc	/home/moxi-mc-flow/benchmarks/beem/QF_BV/iprotocol.5.prop1-func-interl.btor.smv	sat	0.119963
nuxmv-bmc	/home/moxi-mc-flow/benchmarks/beem/QF_BV/iprotocol.6.prop1-back-serstep.btor.smv	sat	0.178228
nuxmv-bmc	/home/moxi-mc-flow/benchmarks/beem/QF_BV/iprotocol.6.prop1-func-interl.btor.smv	sat	0.127801
nuxmv-bmc	/home/moxi-mc-flow/benchmarks/beem/QF_BV/iprotocol.7.prop1-back-serstep.btor.smv	sat	0.16545
nuxmv-bmc	/home/moxi-mc-flow/benchmarks/beem/QF_BV/iprotocol.7.prop1-func-interl.btor.smv	sat	0.146964
nuxmv-bmc	/home/moxi-mc-flow/benchmarks/beem/QF_BV/krebs.1.prop1-back-serstep.btor.smv	sat	0.333586
nuxmv-bmc	/home/moxi-mc-flow/benchmarks/beem/QF_BV/krebs.1.prop1-func-interl.btor.smv	sat	0.213807
nuxmv-bmc	/home/moxi-mc-flow/benchmarks/beem/QF_BV/krebs.2.prop1-back-serstep.btor.smv	sat	10.812831
nuxmv-bmc	/home/moxi-mc-flow/benchmarks/beem/QF_BV/krebs.2.prop1-func-interl.btor.smv	sat	46.646955
nuxmv-bmc	/home/moxi-mc-flow/benchmarks/beem/QF_BV/krebs.3.prop1-back-serstep.btor.smv	sat	1475.22042
nuxmv-bmc	/home/moxi-mc-flow/benchmarks/beem/QF_BV/krebs.3.prop1-func-interl.btor.smv	sat	2757.227489
nuxmv-bmc	/home/moxi-mc-flow/benchmarks/beem/QF_BV/krebs.4.prop1-back-serstep.btor.smv	timeout	
nuxmv-bmc	/home/moxi-mc-flow/benchmarks/beem/QF_BV/krebs.4.prop1-func-interl.btor.smv	timeout	
nuxmv-bmc	/home/moxi-mc-flow/benchmarks/beem/QF_BV/lamport.1.prop1-back-serstep.btor.smv	timeout	
nuxmv-bmc	/home/moxi-mc-flow/benchmarks/beem/QF_BV/lamport.1.prop1-func-interl.btor.smv	timeout	
nuxmv-bmc	/home/moxi-mc-flow/benchmarks/beem/QF_BV/lamport.2.prop1-back-serstep.btor.smv	sat	0.843933
nuxmv-bmc	/home/moxi-mc-flow/benchmarks/beem/QF_BV/lamport.2.prop1-func-interl.btor.smv	sat	443.204245
nuxmv-bmc	/home/moxi-mc-flow/benchmarks/beem/QF_BV/lamport.3.prop1-back-serstep.btor.smv	sat	0.163163
nuxmv-bmc	/home/moxi-mc-flow/benchmarks/beem/QF_BV/lamport.3.prop1-func-interl.btor.smv	sat	42.417928
nuxmv-bmc	/home/moxi-mc-flow/benchmarks/beem/QF_BV/lamport.5.prop1-back-serstep.btor.smv	timeout	
nuxmv-bmc	/home/moxi-mc-flow/benchmarks/beem/QF_BV/lamport.5.prop1-func-interl.btor.smv	timeout	
nuxmv-bmc	/home/moxi-mc-flow/benchmarks/beem/QF_BV/lamport.6.prop1-back-serstep.btor.smv	sat	4.041837
nuxmv-bmc	/home/moxi-mc-flow/benchmarks/beem/QF_BV/lamport.6.prop1-func-interl.btor.smv	timeout	
nuxmv-bmc	/home/moxi-mc-flow/benchmarks/beem/QF_BV/lamport.7.prop1-back-serstep.btor.smv	timeout	
nuxmv-bmc	/home/moxi-mc-flow/benchmarks/beem/QF_BV/lamport.7.prop1-func-interl.btor.smv	memout	
nuxmv-bmc	/home/moxi-mc-flow/benchmarks/beem/QF_BV/lamport.8.prop1-back-serstep.btor.smv	sat	1.684475
nuxmv-bmc	/home/moxi-mc-flow/benchmarks/beem/QF_BV/lamport.8.prop1-func-interl.btor.smv	sat	963.03047
nuxmv-bmc	/home/moxi-mc-flow/benchmarks/beem/QF_BV/lamport_nonatomic.1.prop1-back-serstep.btor.smv	timeout	
nuxmv-bmc	/home/moxi-mc-flow/benchmarks/beem/QF_BV/lamport_nonatomic.1.prop1-func-interl.btor.smv	memout	
nuxmv-bmc	/home/moxi-mc-flow/benchmarks/beem/QF_BV/lamport_nonatomic.2.prop1-back-serstep.btor.smv	timeout	
nuxmv-bmc	/home/moxi-mc-flow/benchmarks/beem/QF_BV/lamport_nonatomic.2.prop1-func-interl.btor.smv	timeout	
nuxmv-bmc	/home/moxi-mc-flow/benchmarks/beem/QF_BV/lamport_nonatomic.3.prop1-back-serstep.btor.smv	sat	0.460555
nuxmv-bmc	/home/moxi-mc-flow/benchmarks/beem/QF_BV/lamport_nonatomic.3.prop1-func-interl.btor.smv	sat	7.030791
nuxmv-bmc	/home/moxi-mc-flow/benchmarks/beem/QF_BV/lamport_nonatomic.4.prop1-back-serstep.btor.smv	timeout	
nuxmv-bmc	/home/moxi-mc-flow/benchmarks/beem/QF_BV/lamport_nonatomic.4.prop1-func-interl.btor.smv	timeout	
nuxmv-bmc	/home/moxi-mc-flow/benchmarks/beem/QF_BV/lamport_nonatomic.5.prop1-back-serstep.btor.smv	timeout	
nuxmv-bmc	/home/moxi-mc-flow/benchmarks/beem/QF_BV/lamport_nonatomic.5.prop1-func-interl.btor.smv	timeout	
nuxmv-bmc	/home/moxi-mc-flow/benchmarks/beem/QF_BV/lann.1.prop1-back-serstep.btor.smv	sat	0.15049
nuxmv-bmc	/home/moxi-mc-flow/benchmarks/beem/QF_BV/lann.1.prop1-func-interl.btor.smv	sat	1.287806
nuxmv-bmc	/home/moxi-mc-flow/benchmarks/beem/QF_BV/lann.2.prop1-back-serstep.btor.smv	memout	
nuxmv-bmc	/home/moxi-mc-flow/benchmarks/beem/QF_BV/lann.2.prop1-func-interl.btor.smv	timeout	
nuxmv-bmc	/home/moxi-mc-flow/benchmarks/beem/QF_BV/lann.3.prop1-back-serstep.btor.smv	sat	0.296912
nuxmv-bmc	/home/moxi-mc-flow/benchmarks/beem/QF_BV/lann.3.prop1-func-interl.btor.smv	sat	28.72244
nuxmv-bmc	/home/moxi-mc-flow/benchmarks/beem/QF_BV/lann.4.prop1-back-serstep.btor.smv	timeout	
nuxmv-bmc	/home/moxi-mc-flow/benchmarks/beem/QF_BV/lann.4.prop1-func-interl.btor.smv	timeout	
nuxmv-bmc	/home/moxi-mc-flow/benchmarks/beem/QF_BV/lann.5.prop1-back-serstep.btor.smv	timeout	
nuxmv-bmc	/home/moxi-mc-flow/benchmarks/beem/QF_BV/lann.5.prop1-func-interl.btor.smv	timeout	
nuxmv-bmc	/home/moxi-mc-flow/benchmarks/beem/QF_BV/lann.6.prop1-back-serstep.btor.smv	sat	0.485504
nuxmv-bmc	/home/moxi-mc-flow/benchmarks/beem/QF_BV/lann.6.prop1-func-interl.btor.smv	sat	9.067151
nuxmv-bmc	/home/moxi-mc-flow/benchmarks/beem/QF_BV/lann.7.prop1-back-serstep.btor.smv	sat	0.653635
nuxmv-bmc	/home/moxi-mc-flow/benchmarks/beem/QF_BV/lann.7.prop1-func-interl.btor.smv	sat	85.005962
nuxmv-bmc	/home/moxi-mc-flow/benchmarks/beem/QF_BV/lann.8.prop1-back-serstep.btor.smv	sat	1.224098
nuxmv-bmc	/home/moxi-mc-flow/benchmarks/beem/QF_BV/lann.8.prop1-func-interl.btor.smv	sat	25.3465
nuxmv-bmc	/home/moxi-mc-flow/benchmarks/beem/QF_BV/leader_election.1.prop1-back-serstep.btor.smv	timeout	
nuxmv-bmc	/home/moxi-mc-flow/benchmarks/beem/QF_BV/leader_election.1.prop1-func-interl.btor.smv	timeout	
nuxmv-bmc	/home/moxi-mc-flow/benchmarks/beem/QF_BV/leader_election.2.prop1-back-serstep.btor.smv	timeout	
nuxmv-bmc	/home/moxi-mc-flow/benchmarks/beem/QF_BV/leader_election.2.prop1-func-interl.btor.smv	timeout	
nuxmv-bmc	/home/moxi-mc-flow/benchmarks/beem/QF_BV/leader_election.3.prop1-back-serstep.btor.smv	timeout	
nuxmv-bmc	/home/moxi-mc-flow/benchmarks/beem/QF_BV/leader_election.3.prop1-func-interl.btor.smv	timeout	
nuxmv-bmc	/home/moxi-mc-flow/benchmarks/beem/QF_BV/leader_election.4.prop1-back-serstep.btor.smv	timeout	
nuxmv-bmc	/home/moxi-mc-flow/benchmarks/beem/QF_BV/leader_election.4.prop1-func-interl.btor.smv	timeout	
nuxmv-bmc	/home/moxi-mc-flow/benchmarks/beem/QF_BV/leader_election.5.prop1-back-serstep.btor.smv	timeout	
nuxmv-bmc	/home/moxi-mc-flow/benchmarks/beem/QF_BV/leader_election.5.prop1-func-interl.btor.smv	timeout	
nuxmv-bmc	/home/moxi-mc-flow/benchmarks/beem/QF_BV/leader_election.6.prop1-back-serstep.btor.smv	memout	
nuxmv-bmc	/home/moxi-mc-flow/benchmarks/beem/QF_BV/leader_election.6.prop1-func-interl.btor.smv	timeout	
nuxmv-bmc	/home/moxi-mc-flow/benchmarks/beem/QF_BV/leader_filters.1.prop1-back-serstep.btor.smv	timeout	
nuxmv-bmc	/home/moxi-mc-flow/benchmarks/beem/QF_BV/leader_filters.1.prop1-func-interl.btor.smv	timeout	
nuxmv-bmc	/home/moxi-mc-flow/benchmarks/beem/QF_BV/leader_filters.2.prop1-back-serstep.btor.smv	sat	0.126119
nuxmv-bmc	/home/moxi-mc-flow/benchmarks/beem/QF_BV/leader_filters.2.prop1-func-interl.btor.smv	memout	
nuxmv-bmc	/home/moxi-mc-flow/benchmarks/beem/QF_BV/leader_filters.3.prop1-back-serstep.btor.smv	timeout	
nuxmv-bmc	/home/moxi-mc-flow/benchmarks/beem/QF_BV/leader_filters.3.prop1-func-interl.btor.smv	timeout	
nuxmv-bmc	/home/moxi-mc-flow/benchmarks/beem/QF_BV/leader_filters.4.prop1-back-serstep.btor.smv	timeout	
nuxmv-bmc	/home/moxi-mc-flow/benchmarks/beem/QF_BV/leader_filters.4.prop1-func-interl.btor.smv	timeout	
nuxmv-bmc	/home/moxi-mc-flow/benchmarks/beem/QF_BV/leader_filters.5.prop1-back-serstep.btor.smv	timeout	
nuxmv-bmc	/home/moxi-mc-flow/benchmarks/beem/QF_BV/leader_filters.5.prop1-func-interl.btor.smv	timeout	
nuxmv-bmc	/home/moxi-mc-flow/benchmarks/beem/QF_BV/leader_filters.6.prop1-back-serstep.btor.smv	sat	0.761238
nuxmv-bmc	/home/moxi-mc-flow/benchmarks/beem/QF_BV/leader_filters.6.prop1-func-interl.btor.smv	sat	35.733831
nuxmv-bmc	/home/moxi-mc-flow/benchmarks/beem/QF_BV/leader_filters.7.prop1-back-serstep.btor.smv	timeout	
nuxmv-bmc	/home/moxi-mc-flow/benchmarks/beem/QF_BV/leader_filters.7.prop1-func-interl.btor.smv	timeout	
nuxmv-bmc	/home/moxi-mc-flow/benchmarks/beem/QF_BV/lifts.1.prop1-back-serstep.btor.smv	timeout	
nuxmv-bmc	/home/moxi-mc-flow/benchmarks/beem/QF_BV/lifts.1.prop1-func-interl.btor.smv	timeout	
nuxmv-bmc	/home/moxi-mc-flow/benchmarks/beem/QF_BV/lifts.2.prop1-back-serstep.btor.smv	memout	
nuxmv-bmc	/home/moxi-mc-flow/benchmarks/beem/QF_BV/lifts.2.prop1-func-interl.btor.smv	timeout	
nuxmv-bmc	/home/moxi-mc-flow/benchmarks/beem/QF_BV/lifts.3.prop1-back-serstep.btor.smv	timeout	
nuxmv-bmc	/home/moxi-mc-flow/benchmarks/beem/QF_BV/lifts.3.prop1-func-interl.btor.smv	timeout	
nuxmv-bmc	/home/moxi-mc-flow/benchmarks/beem/QF_BV/lifts.4.prop1-back-serstep.btor.smv	timeout	
nuxmv-bmc	/home/moxi-mc-flow/benchmarks/beem/QF_BV/lifts.4.prop1-func-interl.btor.smv	timeout	
nuxmv-bmc	/home/moxi-mc-flow/benchmarks/beem/QF_BV/lifts.5.prop1-back-serstep.btor.smv	timeout	
nuxmv-bmc	/home/moxi-mc-flow/benchmarks/beem/QF_BV/lifts.5.prop1-func-interl.btor.smv	timeout	
nuxmv-bmc	/home/moxi-mc-flow/benchmarks/beem/QF_BV/lifts.6.prop1-back-serstep.btor.smv	timeout	
nuxmv-bmc	/home/moxi-mc-flow/benchmarks/beem/QF_BV/lifts.6.prop1-func-interl.btor.smv	timeout	
nuxmv-bmc	/home/moxi-mc-flow/benchmarks/beem/QF_BV/lifts.7.prop1-back-serstep.btor.smv	timeout	
nuxmv-bmc	/home/moxi-mc-flow/benchmarks/beem/QF_BV/lifts.7.prop1-func-interl.btor.smv	timeout	
nuxmv-bmc	/home/moxi-mc-flow/benchmarks/beem/QF_BV/lifts.8.prop1-back-serstep.btor.smv	memout	
nuxmv-bmc	/home/moxi-mc-flow/benchmarks/beem/QF_BV/lifts.8.prop1-func-interl.btor.smv	timeout	
nuxmv-bmc	/home/moxi-mc-flow/benchmarks/beem/QF_BV/loyd.1.prop1-back-serstep.btor.smv	sat	2.778284
nuxmv-bmc	/home/moxi-mc-flow/benchmarks/beem/QF_BV/loyd.1.prop1-func-interl.btor.smv	sat	13.571099
nuxmv-bmc	/home/moxi-mc-flow/benchmarks/beem/QF_BV/loyd.2.prop1-back-serstep.btor.smv	sat	409.79411
nuxmv-bmc	/home/moxi-mc-flow/benchmarks/beem/QF_BV/loyd.2.prop1-func-interl.btor.smv	sat	1871.907383
nuxmv-bmc	/home/moxi-mc-flow/benchmarks/beem/QF_BV/loyd.3.prop1-back-serstep.btor.smv	timeout	
nuxmv-bmc	/home/moxi-mc-flow/benchmarks/beem/QF_BV/loyd.3.prop1-func-interl.btor.smv	timeout	
nuxmv-bmc	/home/moxi-mc-flow/benchmarks/beem/QF_BV/lup.1.prop1-back-serstep.btor.smv	timeout	
nuxmv-bmc	/home/moxi-mc-flow/benchmarks/beem/QF_BV/lup.1.prop1-func-interl.btor.smv	timeout	
nuxmv-bmc	/home/moxi-mc-flow/benchmarks/beem/QF_BV/lup.2.prop1-back-serstep.btor.smv	timeout	
nuxmv-bmc	/home/moxi-mc-flow/benchmarks/beem/QF_BV/lup.2.prop1-func-interl.btor.smv	timeout	
nuxmv-bmc	/home/moxi-mc-flow/benchmarks/beem/QF_BV/lup.3.prop1-back-serstep.btor.smv	timeout	
nuxmv-bmc	/home/moxi-mc-flow/benchmarks/beem/QF_BV/lup.3.prop1-func-interl.btor.smv	timeout	
nuxmv-bmc	/home/moxi-mc-flow/benchmarks/beem/QF_BV/lup.4.prop1-back-serstep.btor.smv	timeout	
nuxmv-bmc	/home/moxi-mc-flow/benchmarks/beem/QF_BV/lup.4.prop1-func-interl.btor.smv	timeout	
nuxmv-bmc	/home/moxi-mc-flow/benchmarks/beem/QF_BV/mcs.1.prop1-back-serstep.btor.smv	timeout	
nuxmv-bmc	/home/moxi-mc-flow/benchmarks/beem/QF_BV/mcs.1.prop1-func-interl.btor.smv	timeout	
nuxmv-bmc	/home/moxi-mc-flow/benchmarks/beem/QF_BV/mcs.2.prop1-back-serstep.btor.smv	timeout	
nuxmv-bmc	/home/moxi-mc-flow/benchmarks/beem/QF_BV/mcs.2.prop1-func-interl.btor.smv	timeout	
nuxmv-bmc	/home/moxi-mc-flow/benchmarks/beem/QF_BV/mcs.3.prop1-back-serstep.btor.smv	timeout	
nuxmv-bmc	/home/moxi-mc-flow/benchmarks/beem/QF_BV/mcs.3.prop1-func-interl.btor.smv	timeout	
nuxmv-bmc	/home/moxi-mc-flow/benchmarks/beem/QF_BV/mcs.4.prop1-back-serstep.btor.smv	timeout	
nuxmv-bmc	/home/moxi-mc-flow/benchmarks/beem/QF_BV/mcs.4.prop1-func-interl.btor.smv	memout	
nuxmv-bmc	/home/moxi-mc-flow/benchmarks/beem/QF_BV/mcs.5.prop1-back-serstep.btor.smv	timeout	
nuxmv-bmc	/home/moxi-mc-flow/benchmarks/beem/QF_BV/mcs.5.prop1-func-interl.btor.smv	timeout	
nuxmv-bmc	/home/moxi-mc-flow/benchmarks/beem/QF_BV/mcs.6.prop1-back-serstep.btor.smv	timeout	
nuxmv-bmc	/home/moxi-mc-flow/benchmarks/beem/QF_BV/mcs.6.prop1-func-interl.btor.smv	timeout	
nuxmv-bmc	/home/moxi-mc-flow/benchmarks/beem/QF_BV/msmie.1.prop1-back-serstep.btor.smv	timeout	
nuxmv-bmc	/home/moxi-mc-flow/benchmarks/beem/QF_BV/msmie.1.prop1-func-interl.btor.smv	timeout	
nuxmv-bmc	/home/moxi-mc-flow/benchmarks/beem/QF_BV/msmie.2.prop1-back-serstep.btor.smv	sat	0.81166
nuxmv-bmc	/home/moxi-mc-flow/benchmarks/beem/QF_BV/msmie.2.prop1-func-interl.btor.smv	sat	4.530107
nuxmv-bmc	/home/moxi-mc-flow/benchmarks/beem/QF_BV/msmie.3.prop1-back-serstep.btor.smv	memout	
nuxmv-bmc	/home/moxi-mc-flow/benchmarks/beem/QF_BV/msmie.3.prop1-func-interl.btor.smv	timeout	
nuxmv-bmc	/home/moxi-mc-flow/benchmarks/beem/QF_BV/msmie.4.prop1-back-serstep.btor.smv	timeout	
nuxmv-bmc	/home/moxi-mc-flow/benchmarks/beem/QF_BV/msmie.4.prop1-func-interl.btor.smv	timeout	
nuxmv-bmc	/home/moxi-mc-flow/benchmarks/beem/QF_BV/needham.1.prop1-back-serstep.btor.smv	sat	0.533438
nuxmv-bmc	/home/moxi-mc-flow/benchmarks/beem/QF_BV/needham.1.prop1-func-interl.btor.smv	sat	0.590367
nuxmv-bmc	/home/moxi-mc-flow/benchmarks/beem/QF_BV/needham.1.prop2-back-serstep.btor.smv	sat	0.390891
nuxmv-bmc	/home/moxi-mc-flow/benchmarks/beem/QF_BV/needham.1.prop2-func-interl.btor.smv	sat	1.562038
nuxmv-bmc	/home/moxi-mc-flow/benchmarks/beem/QF_BV/needham.1.prop3-back-serstep.btor.smv	memout	
nuxmv-bmc	/home/moxi-mc-flow/benchmarks/beem/QF_BV/needham.1.prop3-func-interl.btor.smv	sat	0.65726
nuxmv-bmc	/home/moxi-mc-flow/benchmarks/beem/QF_BV/needham.1.prop4-back-serstep.btor.smv	sat	0.550293
nuxmv-bmc	/home/moxi-mc-flow/benchmarks/beem/QF_BV/needham.1.prop4-func-interl.btor.smv	sat	0.733617
nuxmv-bmc	/home/moxi-mc-flow/benchmarks/beem/QF_BV/needham.2.prop1-back-serstep.btor.smv	sat	1.090307
nuxmv-bmc	/home/moxi-mc-flow/benchmarks/beem/QF_BV/needham.2.prop1-func-interl.btor.smv	memout	
nuxmv-bmc	/home/moxi-mc-flow/benchmarks/beem/QF_BV/needham.2.prop2-back-serstep.btor.smv	timeout	
nuxmv-bmc	/home/moxi-mc-flow/benchmarks/beem/QF_BV/needham.2.prop2-func-interl.btor.smv	timeout	
nuxmv-bmc	/home/moxi-mc-flow/benchmarks/beem/QF_BV/needham.2.prop3-back-serstep.btor.smv	timeout	
nuxmv-bmc	/home/moxi-mc-flow/benchmarks/beem/QF_BV/needham.2.prop3-func-interl.btor.smv	timeout	
nuxmv-bmc	/home/moxi-mc-flow/benchmarks/beem/QF_BV/needham.2.prop4-back-serstep.btor.smv	sat	1.115662
nuxmv-bmc	/home/moxi-mc-flow/benchmarks/beem/QF_BV/needham.2.prop4-func-interl.btor.smv	sat	1.298027
nuxmv-bmc	/home/moxi-mc-flow/benchmarks/beem/QF_BV/needham.3.prop1-back-serstep.btor.smv	sat	1.92336
nuxmv-bmc	/home/moxi-mc-flow/benchmarks/beem/QF_BV/needham.3.prop1-func-interl.btor.smv	sat	1.324198
nuxmv-bmc	/home/moxi-mc-flow/benchmarks/beem/QF_BV/needham.3.prop2-back-serstep.btor.smv	timeout	
nuxmv-bmc	/home/moxi-mc-flow/benchmarks/beem/QF_BV/needham.3.prop2-func-interl.btor.smv	timeout	
nuxmv-bmc	/home/moxi-mc-flow/benchmarks/beem/QF_BV/needham.3.prop3-back-serstep.btor.smv	timeout	
nuxmv-bmc	/home/moxi-mc-flow/benchmarks/beem/QF_BV/needham.3.prop3-func-interl.btor.smv	timeout	
nuxmv-bmc	/home/moxi-mc-flow/benchmarks/beem/QF_BV/needham.3.prop4-back-serstep.btor.smv	sat	1.251934
nuxmv-bmc	/home/moxi-mc-flow/benchmarks/beem/QF_BV/needham.3.prop4-func-interl.btor.smv	sat	1.420603
nuxmv-bmc	/home/moxi-mc-flow/benchmarks/beem/QF_BV/needham.4.prop1-back-serstep.btor.smv	sat	3.252391
nuxmv-bmc	/home/moxi-mc-flow/benchmarks/beem/QF_BV/needham.4.prop1-func-interl.btor.smv	sat	1.808753
nuxmv-bmc	/home/moxi-mc-flow/benchmarks/beem/QF_BV/needham.4.prop2-back-serstep.btor.smv	timeout	
nuxmv-bmc	/home/moxi-mc-flow/benchmarks/beem/QF_BV/needham.4.prop2-func-interl.btor.smv	timeout	
nuxmv-bmc	/home/moxi-mc-flow/benchmarks/beem/QF_BV/needham.4.prop3-back-serstep.btor.smv	timeout	
nuxmv-bmc	/home/moxi-mc-flow/benchmarks/beem/QF_BV/needham.4.prop3-func-interl.btor.smv	timeout	
nuxmv-bmc	/home/moxi-mc-flow/benchmarks/beem/QF_BV/needham.4.prop4-back-serstep.btor.smv	sat	2.083199
nuxmv-bmc	/home/moxi-mc-flow/benchmarks/beem/QF_BV/needham.4.prop4-func-interl.btor.smv	sat	1.894184
nuxmv-bmc	/home/moxi-mc-flow/benchmarks/beem/QF_BV/peg_solitaire.1.prop1-back-serstep.btor.smv	memout	
nuxmv-bmc	/home/moxi-mc-flow/benchmarks/beem/QF_BV/peg_solitaire.1.prop1-func-interl.btor.smv	sat	26.468428
nuxmv-bmc	/home/moxi-mc-flow/benchmarks/beem/QF_BV/peg_solitaire.2.prop1-back-serstep.btor.smv	timeout	
nuxmv-bmc	/home/moxi-mc-flow/benchmarks/beem/QF_BV/peg_solitaire.2.prop1-func-interl.btor.smv	timeout	
nuxmv-bmc	/home/moxi-mc-flow/benchmarks/beem/QF_BV/peg_solitaire.3.prop1-back-serstep.btor.smv	timeout	
nuxmv-bmc	/home/moxi-mc-flow/benchmarks/beem/QF_BV/peg_solitaire.3.prop1-func-interl.btor.smv	timeout	
nuxmv-bmc	/home/moxi-mc-flow/benchmarks/beem/QF_BV/peg_solitaire.4.prop1-back-serstep.btor.smv	memout	
nuxmv-bmc	/home/moxi-mc-flow/benchmarks/beem/QF_BV/peg_solitaire.4.prop1-func-interl.btor.smv	timeout	
nuxmv-bmc	/home/moxi-mc-flow/benchmarks/beem/QF_BV/peg_solitaire.5.prop1-back-serstep.btor.smv	sat	377.987646
nuxmv-bmc	/home/moxi-mc-flow/benchmarks/beem/QF_BV/peg_solitaire.5.prop1-func-interl.btor.smv	sat	118.545581
nuxmv-bmc	/home/moxi-mc-flow/benchmarks/beem/QF_BV/peg_solitaire.6.prop1-back-serstep.btor.smv	timeout	
nuxmv-bmc	/home/moxi-mc-flow/benchmarks/beem/QF_BV/peg_solitaire.6.prop1-func-interl.btor.smv	sat	2148.33669
nuxmv-bmc	/home/moxi-mc-flow/benchmarks/beem/QF_BV/peterson.1.prop1-back-serstep.btor.smv	timeout	
nuxmv-bmc	/home/moxi-mc-flow/benchmarks/beem/QF_BV/peterson.1.prop1-func-interl.btor.smv	timeout	
nuxmv-bmc	/home/moxi-mc-flow/benchmarks/beem/QF_BV/peterson.2.prop1-back-serstep.btor.smv	sat	0.215983
nuxmv-bmc	/home/moxi-mc-flow/benchmarks/beem/QF_BV/peterson.2.prop1-func-interl.btor.smv	sat	37.632196
nuxmv-bmc	/home/moxi-mc-flow/benchmarks/beem/QF_BV/peterson.3.prop1-back-serstep.btor.smv	sat	0.086338
nuxmv-bmc	/home/moxi-mc-flow/benchmarks/beem/QF_BV/peterson.3.prop1-func-interl.btor.smv	sat	4.174971
nuxmv-bmc	/home/moxi-mc-flow/benchmarks/beem/QF_BV/peterson.4.prop1-back-serstep.btor.smv	timeout	
nuxmv-bmc	/home/moxi-mc-flow/benchmarks/beem/QF_BV/peterson.4.prop1-func-interl.btor.smv	timeout	
nuxmv-bmc	/home/moxi-mc-flow/benchmarks/beem/QF_BV/peterson.5.prop1-back-serstep.btor.smv	sat	0.763928
nuxmv-bmc	/home/moxi-mc-flow/benchmarks/beem/QF_BV/peterson.5.prop1-func-interl.btor.smv	timeout	
nuxmv-bmc	/home/moxi-mc-flow/benchmarks/beem/QF_BV/peterson.6.prop1-back-serstep.btor.smv	sat	0.164739
nuxmv-bmc	/home/moxi-mc-flow/benchmarks/beem/QF_BV/peterson.6.prop1-func-interl.btor.smv	sat	102.303826
nuxmv-bmc	/home/moxi-mc-flow/benchmarks/beem/QF_BV/peterson.7.prop1-back-serstep.btor.smv	timeout	
nuxmv-bmc	/home/moxi-mc-flow/benchmarks/beem/QF_BV/peterson.7.prop1-func-interl.btor.smv	timeout	
nuxmv-bmc	/home/moxi-mc-flow/benchmarks/beem/QF_BV/pgm_protocol.1.prop1-back-serstep.btor.smv	memout	
nuxmv-bmc	/home/moxi-mc-flow/benchmarks/beem/QF_BV/pgm_protocol.1.prop1-func-interl.btor.smv	timeout	
nuxmv-bmc	/home/moxi-mc-flow/benchmarks/beem/QF_BV/pgm_protocol.1.prop2-back-serstep.btor.smv	timeout	
nuxmv-bmc	/home/moxi-mc-flow/benchmarks/beem/QF_BV/pgm_protocol.1.prop2-func-interl.btor.smv	timeout	
nuxmv-bmc	/home/moxi-mc-flow/benchmarks/beem/QF_BV/pgm_protocol.1.prop5-back-serstep.btor.smv	memout	
nuxmv-bmc	/home/moxi-mc-flow/benchmarks/beem/QF_BV/pgm_protocol.1.prop5-func-interl.btor.smv	timeout	
nuxmv-bmc	/home/moxi-mc-flow/benchmarks/beem/QF_BV/pgm_protocol.1.prop6-back-serstep.btor.smv	timeout	
nuxmv-bmc	/home/moxi-mc-flow/benchmarks/beem/QF_BV/pgm_protocol.1.prop6-func-interl.btor.smv	timeout	
nuxmv-bmc	/home/moxi-mc-flow/benchmarks/beem/QF_BV/pgm_protocol.2.prop1-back-serstep.btor.smv	memout	
nuxmv-bmc	/home/moxi-mc-flow/benchmarks/beem/QF_BV/pgm_protocol.2.prop1-func-interl.btor.smv	timeout	
nuxmv-bmc	/home/moxi-mc-flow/benchmarks/beem/QF_BV/pgm_protocol.2.prop2-back-serstep.btor.smv	timeout	
nuxmv-bmc	/home/moxi-mc-flow/benchmarks/beem/QF_BV/pgm_protocol.2.prop2-func-interl.btor.smv	timeout	
nuxmv-bmc	/home/moxi-mc-flow/benchmarks/beem/QF_BV/pgm_protocol.2.prop5-back-serstep.btor.smv	timeout	
nuxmv-bmc	/home/moxi-mc-flow/benchmarks/beem/QF_BV/pgm_protocol.2.prop5-func-interl.btor.smv	timeout	
nuxmv-bmc	/home/moxi-mc-flow/benchmarks/beem/QF_BV/pgm_protocol.2.prop6-back-serstep.btor.smv	timeout	
nuxmv-bmc	/home/moxi-mc-flow/benchmarks/beem/QF_BV/pgm_protocol.2.prop6-func-interl.btor.smv	timeout	
nuxmv-bmc	/home/moxi-mc-flow/benchmarks/beem/QF_BV/pgm_protocol.3.prop1-back-serstep.btor.smv	memout	
nuxmv-bmc	/home/moxi-mc-flow/benchmarks/beem/QF_BV/pgm_protocol.3.prop1-func-interl.btor.smv	timeout	
nuxmv-bmc	/home/moxi-mc-flow/benchmarks/beem/QF_BV/pgm_protocol.3.prop2-back-serstep.btor.smv	timeout	
nuxmv-bmc	/home/moxi-mc-flow/benchmarks/beem/QF_BV/pgm_protocol.3.prop2-func-interl.btor.smv	timeout	
nuxmv-bmc	/home/moxi-mc-flow/benchmarks/beem/QF_BV/pgm_protocol.3.prop5-back-serstep.btor.smv	timeout	
nuxmv-bmc	/home/moxi-mc-flow/benchmarks/beem/QF_BV/pgm_protocol.3.prop5-func-interl.btor.smv	memout	
nuxmv-bmc	/home/moxi-mc-flow/benchmarks/beem/QF_BV/pgm_protocol.3.prop6-back-serstep.btor.smv	timeout	
nuxmv-bmc	/home/moxi-mc-flow/benchmarks/beem/QF_BV/pgm_protocol.3.prop6-func-interl.btor.smv	timeout	
nuxmv-bmc	/home/moxi-mc-flow/benchmarks/beem/QF_BV/pgm_protocol.4.prop1-back-serstep.btor.smv	memout	
nuxmv-bmc	/home/moxi-mc-flow/benchmarks/beem/QF_BV/pgm_protocol.4.prop1-func-interl.btor.smv	timeout	
nuxmv-bmc	/home/moxi-mc-flow/benchmarks/beem/QF_BV/pgm_protocol.4.prop2-back-serstep.btor.smv	timeout	
nuxmv-bmc	/home/moxi-mc-flow/benchmarks/beem/QF_BV/pgm_protocol.4.prop2-func-interl.btor.smv	timeout	
nuxmv-bmc	/home/moxi-mc-flow/benchmarks/beem/QF_BV/pgm_protocol.4.prop5-back-serstep.btor.smv	timeout	
nuxmv-bmc	/home/moxi-mc-flow/benchmarks/beem/QF_BV/pgm_protocol.4.prop5-func-interl.btor.smv	memout	
nuxmv-bmc	/home/moxi-mc-flow/benchmarks/beem/QF_BV/pgm_protocol.4.prop6-back-serstep.btor.smv	timeout	
nuxmv-bmc	/home/moxi-mc-flow/benchmarks/beem/QF_BV/pgm_protocol.4.prop6-func-interl.btor.smv	timeout	
nuxmv-bmc	/home/moxi-mc-flow/benchmarks/beem/QF_BV/pgm_protocol.5.prop1-back-serstep.btor.smv	timeout	
nuxmv-bmc	/home/moxi-mc-flow/benchmarks/beem/QF_BV/pgm_protocol.5.prop1-func-interl.btor.smv	timeout	
nuxmv-bmc	/home/moxi-mc-flow/benchmarks/beem/QF_BV/pgm_protocol.5.prop2-back-serstep.btor.smv	timeout	
nuxmv-bmc	/home/moxi-mc-flow/benchmarks/beem/QF_BV/pgm_protocol.5.prop2-func-interl.btor.smv	timeout	
nuxmv-bmc	/home/moxi-mc-flow/benchmarks/beem/QF_BV/pgm_protocol.5.prop5-back-serstep.btor.smv	memout	
nuxmv-bmc	/home/moxi-mc-flow/benchmarks/beem/QF_BV/pgm_protocol.5.prop5-func-interl.btor.smv	timeout	
nuxmv-bmc	/home/moxi-mc-flow/benchmarks/beem/QF_BV/pgm_protocol.5.prop6-back-serstep.btor.smv	timeout	
nuxmv-bmc	/home/moxi-mc-flow/benchmarks/beem/QF_BV/pgm_protocol.5.prop6-func-interl.btor.smv	timeout	
nuxmv-bmc	/home/moxi-mc-flow/benchmarks/beem/QF_BV/pgm_protocol.6.prop1-back-serstep.btor.smv	timeout	
nuxmv-bmc	/home/moxi-mc-flow/benchmarks/beem/QF_BV/pgm_protocol.6.prop1-func-interl.btor.smv	timeout	
nuxmv-bmc	/home/moxi-mc-flow/benchmarks/beem/QF_BV/pgm_protocol.6.prop2-back-serstep.btor.smv	timeout	
nuxmv-bmc	/home/moxi-mc-flow/benchmarks/beem/QF_BV/pgm_protocol.6.prop2-func-interl.btor.smv	timeout	
nuxmv-bmc	/home/moxi-mc-flow/benchmarks/beem/QF_BV/pgm_protocol.6.prop5-back-serstep.btor.smv	timeout	
nuxmv-bmc	/home/moxi-mc-flow/benchmarks/beem/QF_BV/pgm_protocol.6.prop5-func-interl.btor.smv	timeout	
nuxmv-bmc	/home/moxi-mc-flow/benchmarks/beem/QF_BV/pgm_protocol.6.prop6-back-serstep.btor.smv	timeout	
nuxmv-bmc	/home/moxi-mc-flow/benchmarks/beem/QF_BV/pgm_protocol.6.prop6-func-interl.btor.smv	memout	
nuxmv-bmc	/home/moxi-mc-flow/benchmarks/beem/QF_BV/pgm_protocol.7.prop1-back-serstep.btor.smv	memout	
nuxmv-bmc	/home/moxi-mc-flow/benchmarks/beem/QF_BV/pgm_protocol.7.prop1-func-interl.btor.smv	timeout	
nuxmv-bmc	/home/moxi-mc-flow/benchmarks/beem/QF_BV/pgm_protocol.7.prop2-back-serstep.btor.smv	timeout	
nuxmv-bmc	/home/moxi-mc-flow/benchmarks/beem/QF_BV/pgm_protocol.7.prop2-func-interl.btor.smv	timeout	
nuxmv-bmc	/home/moxi-mc-flow/benchmarks/beem/QF_BV/pgm_protocol.7.prop5-back-serstep.btor.smv	timeout	
nuxmv-bmc	/home/moxi-mc-flow/benchmarks/beem/QF_BV/pgm_protocol.7.prop5-func-interl.btor.smv	timeout	
nuxmv-bmc	/home/moxi-mc-flow/benchmarks/beem/QF_BV/pgm_protocol.7.prop6-back-serstep.btor.smv	timeout	
nuxmv-bmc	/home/moxi-mc-flow/benchmarks/beem/QF_BV/pgm_protocol.7.prop6-func-interl.btor.smv	timeout	
nuxmv-bmc	/home/moxi-mc-flow/benchmarks/beem/QF_BV/pgm_protocol.8.prop1-back-serstep.btor.smv	memout	
nuxmv-bmc	/home/moxi-mc-flow/benchmarks/beem/QF_BV/pgm_protocol.8.prop1-func-interl.btor.smv	timeout	
nuxmv-bmc	/home/moxi-mc-flow/benchmarks/beem/QF_BV/pgm_protocol.8.prop2-back-serstep.btor.smv	timeout	
nuxmv-bmc	/home/moxi-mc-flow/benchmarks/beem/QF_BV/pgm_protocol.8.prop2-func-interl.btor.smv	timeout	
nuxmv-bmc	/home/moxi-mc-flow/benchmarks/beem/QF_BV/pgm_protocol.8.prop5-back-serstep.btor.smv	timeout	
nuxmv-bmc	/home/moxi-mc-flow/benchmarks/beem/QF_BV/pgm_protocol.8.prop5-func-interl.btor.smv	timeout	
nuxmv-bmc	/home/moxi-mc-flow/benchmarks/beem/QF_BV/pgm_protocol.8.prop6-back-serstep.btor.smv	timeout	
nuxmv-bmc	/home/moxi-mc-flow/benchmarks/beem/QF_BV/pgm_protocol.8.prop6-func-interl.btor.smv	timeout	
nuxmv-bmc	/home/moxi-mc-flow/benchmarks/beem/QF_BV/plc.1.prop2-back-serstep.btor.smv	timeout	
nuxmv-bmc	/home/moxi-mc-flow/benchmarks/beem/QF_BV/plc.1.prop2-func-interl.btor.smv	timeout	
nuxmv-bmc	/home/moxi-mc-flow/benchmarks/beem/QF_BV/plc.2.prop2-back-serstep.btor.smv	timeout	
nuxmv-bmc	/home/moxi-mc-flow/benchmarks/beem/QF_BV/plc.2.prop2-func-interl.btor.smv	timeout	
nuxmv-bmc	/home/moxi-mc-flow/benchmarks/beem/QF_BV/plc.3.prop2-back-serstep.btor.smv	timeout	
nuxmv-bmc	/home/moxi-mc-flow/benchmarks/beem/QF_BV/plc.3.prop2-func-interl.btor.smv	timeout	
nuxmv-bmc	/home/moxi-mc-flow/benchmarks/beem/QF_BV/plc.4.prop2-back-serstep.btor.smv	timeout	
nuxmv-bmc	/home/moxi-mc-flow/benchmarks/beem/QF_BV/plc.4.prop2-func-interl.btor.smv	timeout	
nuxmv-bmc	/home/moxi-mc-flow/benchmarks/beem/QF_BV/pouring.1.prop1-back-serstep.btor.smv	sat	20.184816
nuxmv-bmc	/home/moxi-mc-flow/benchmarks/beem/QF_BV/pouring.1.prop1-func-interl.btor.smv	sat	12.477022
nuxmv-bmc	/home/moxi-mc-flow/benchmarks/beem/QF_BV/pouring.2.prop1-back-serstep.btor.smv	sat	11.079188
nuxmv-bmc	/home/moxi-mc-flow/benchmarks/beem/QF_BV/pouring.2.prop1-func-interl.btor.smv	sat	5.97765
nuxmv-bmc	/home/moxi-mc-flow/benchmarks/beem/QF_BV/production_cell.1.prop1-back-serstep.btor.smv	sat	0.094747
nuxmv-bmc	/home/moxi-mc-flow/benchmarks/beem/QF_BV/production_cell.1.prop1-func-interl.btor.smv	sat	0.061623
nuxmv-bmc	/home/moxi-mc-flow/benchmarks/beem/QF_BV/production_cell.2.prop1-back-serstep.btor.smv	memout	
nuxmv-bmc	/home/moxi-mc-flow/benchmarks/beem/QF_BV/production_cell.2.prop1-func-interl.btor.smv	timeout	
nuxmv-bmc	/home/moxi-mc-flow/benchmarks/beem/QF_BV/production_cell.3.prop1-back-serstep.btor.smv	sat	0.13317
nuxmv-bmc	/home/moxi-mc-flow/benchmarks/beem/QF_BV/production_cell.3.prop1-func-interl.btor.smv	sat	0.106815
nuxmv-bmc	/home/moxi-mc-flow/benchmarks/beem/QF_BV/production_cell.4.prop1-back-serstep.btor.smv	sat	4.000976
nuxmv-bmc	/home/moxi-mc-flow/benchmarks/beem/QF_BV/production_cell.4.prop1-func-interl.btor.smv	memout	
nuxmv-bmc	/home/moxi-mc-flow/benchmarks/beem/QF_BV/production_cell.5.prop1-back-serstep.btor.smv	sat	0.190454
nuxmv-bmc	/home/moxi-mc-flow/benchmarks/beem/QF_BV/production_cell.5.prop1-func-interl.btor.smv	memout	
nuxmv-bmc	/home/moxi-mc-flow/benchmarks/beem/QF_BV/production_cell.6.prop1-back-serstep.btor.smv	sat	0.250343
nuxmv-bmc	/home/moxi-mc-flow/benchmarks/beem/QF_BV/production_cell.6.prop1-func-interl.btor.smv	sat	0.094011
nuxmv-bmc	/home/moxi-mc-flow/benchmarks/beem/QF_BV/protocols.1.prop1-back-serstep.btor.smv	sat	0.056811
nuxmv-bmc	/home/moxi-mc-flow/benchmarks/beem/QF_BV/protocols.1.prop1-func-interl.btor.smv	sat	0.060299
nuxmv-bmc	/home/moxi-mc-flow/benchmarks/beem/QF_BV/protocols.2.prop1-back-serstep.btor.smv	sat	0.067148
nuxmv-bmc	/home/moxi-mc-flow/benchmarks/beem/QF_BV/protocols.2.prop1-func-interl.btor.smv	sat	0.065695
nuxmv-bmc	/home/moxi-mc-flow/benchmarks/beem/QF_BV/protocols.3.prop1-back-serstep.btor.smv	sat	0.079889
nuxmv-bmc	/home/moxi-mc-flow/benchmarks/beem/QF_BV/protocols.3.prop1-func-interl.btor.smv	sat	0.075406
nuxmv-bmc	/home/moxi-mc-flow/benchmarks/beem/QF_BV/protocols.4.prop1-back-serstep.btor.smv	sat	0.084961
nuxmv-bmc	/home/moxi-mc-flow/benchmarks/beem/QF_BV/protocols.4.prop1-func-interl.btor.smv	sat	0.083161
nuxmv-bmc	/home/moxi-mc-flow/benchmarks/beem/QF_BV/protocols.5.prop1-back-serstep.btor.smv	sat	0.270097
nuxmv-bmc	/home/moxi-mc-flow/benchmarks/beem/QF_BV/protocols.5.prop1-func-interl.btor.smv	sat	0.095397
nuxmv-bmc	/home/moxi-mc-flow/benchmarks/beem/QF_BV/reader_writer.1.prop1-back-serstep.btor.smv	sat	0.160461
nuxmv-bmc	/home/moxi-mc-flow/benchmarks/beem/QF_BV/reader_writer.1.prop1-func-interl.btor.smv	sat	0.384645
nuxmv-bmc	/home/moxi-mc-flow/benchmarks/beem/QF_BV/reader_writer.2.prop1-back-serstep.btor.smv	timeout	
nuxmv-bmc	/home/moxi-mc-flow/benchmarks/beem/QF_BV/reader_writer.2.prop1-func-interl.btor.smv	timeout	
nuxmv-bmc	/home/moxi-mc-flow/benchmarks/beem/QF_BV/reader_writer.3.prop1-back-serstep.btor.smv	sat	0.289147
nuxmv-bmc	/home/moxi-mc-flow/benchmarks/beem/QF_BV/reader_writer.3.prop1-func-interl.btor.smv	sat	1.077409
nuxmv-bmc	/home/moxi-mc-flow/benchmarks/beem/QF_BV/resistance.1.prop1-back-serstep.btor.smv	memout	
nuxmv-bmc	/home/moxi-mc-flow/benchmarks/beem/QF_BV/resistance.1.prop1-func-interl.btor.smv	memout	
nuxmv-bmc	/home/moxi-mc-flow/benchmarks/beem/QF_BV/resistance.1.prop2-back-serstep.btor.smv	memout	
nuxmv-bmc	/home/moxi-mc-flow/benchmarks/beem/QF_BV/resistance.1.prop2-func-interl.btor.smv	memout	
nuxmv-bmc	/home/moxi-mc-flow/benchmarks/beem/QF_BV/resistance.1.prop3-back-serstep.btor.smv	memout	
nuxmv-bmc	/home/moxi-mc-flow/benchmarks/beem/QF_BV/resistance.1.prop3-func-interl.btor.smv	memout	
nuxmv-bmc	/home/moxi-mc-flow/benchmarks/beem/QF_BV/resistance.2.prop1-back-serstep.btor.smv	memout	
nuxmv-bmc	/home/moxi-mc-flow/benchmarks/beem/QF_BV/resistance.2.prop1-func-interl.btor.smv	sat	0.092537
nuxmv-bmc	/home/moxi-mc-flow/benchmarks/beem/QF_BV/resistance.2.prop2-back-serstep.btor.smv	memout	
nuxmv-bmc	/home/moxi-mc-flow/benchmarks/beem/QF_BV/resistance.2.prop2-func-interl.btor.smv	memout	
nuxmv-bmc	/home/moxi-mc-flow/benchmarks/beem/QF_BV/resistance.2.prop3-back-serstep.btor.smv	memout	
nuxmv-bmc	/home/moxi-mc-flow/benchmarks/beem/QF_BV/resistance.2.prop3-func-interl.btor.smv	memout	
nuxmv-bmc	/home/moxi-mc-flow/benchmarks/beem/QF_BV/rether.1.prop1-back-serstep.btor.smv	timeout	
nuxmv-bmc	/home/moxi-mc-flow/benchmarks/beem/QF_BV/rether.1.prop1-func-interl.btor.smv	timeout	
nuxmv-bmc	/home/moxi-mc-flow/benchmarks/beem/QF_BV/rether.2.prop1-back-serstep.btor.smv	timeout	
nuxmv-bmc	/home/moxi-mc-flow/benchmarks/beem/QF_BV/rether.2.prop1-func-interl.btor.smv	timeout	
nuxmv-bmc	/home/moxi-mc-flow/benchmarks/beem/QF_BV/rether.3.prop1-back-serstep.btor.smv	timeout	
nuxmv-bmc	/home/moxi-mc-flow/benchmarks/beem/QF_BV/rether.3.prop1-func-interl.btor.smv	memout	
nuxmv-bmc	/home/moxi-mc-flow/benchmarks/beem/QF_BV/rether.4.prop1-back-serstep.btor.smv	timeout	
nuxmv-bmc	/home/moxi-mc-flow/benchmarks/beem/QF_BV/rether.4.prop1-func-interl.btor.smv	sat	1197.930435
nuxmv-bmc	/home/moxi-mc-flow/benchmarks/beem/QF_BV/rether.5.prop1-back-serstep.btor.smv	timeout	
nuxmv-bmc	/home/moxi-mc-flow/benchmarks/beem/QF_BV/rether.5.prop1-func-interl.btor.smv	timeout	
nuxmv-bmc	/home/moxi-mc-flow/benchmarks/beem/QF_BV/rether.6.prop1-back-serstep.btor.smv	timeout	
nuxmv-bmc	/home/moxi-mc-flow/benchmarks/beem/QF_BV/rether.6.prop1-func-interl.btor.smv	memout	
nuxmv-bmc	/home/moxi-mc-flow/benchmarks/beem/QF_BV/rether.7.prop1-back-serstep.btor.smv	memout	
nuxmv-bmc	/home/moxi-mc-flow/benchmarks/beem/QF_BV/rether.7.prop1-func-interl.btor.smv	timeout	
nuxmv-bmc	/home/moxi-mc-flow/benchmarks/beem/QF_BV/rushhour.1.prop1-back-serstep.btor.smv	sat	1310.155443
nuxmv-bmc	/home/moxi-mc-flow/benchmarks/beem/QF_BV/rushhour.1.prop1-func-interl.btor.smv	memout	
nuxmv-bmc	/home/moxi-mc-flow/benchmarks/beem/QF_BV/rushhour.2.prop1-back-serstep.btor.smv	sat	3498.07989
nuxmv-bmc	/home/moxi-mc-flow/benchmarks/beem/QF_BV/rushhour.2.prop1-func-interl.btor.smv	timeout	
nuxmv-bmc	/home/moxi-mc-flow/benchmarks/beem/QF_BV/rushhour.3.prop1-back-serstep.btor.smv	timeout	
nuxmv-bmc	/home/moxi-mc-flow/benchmarks/beem/QF_BV/rushhour.3.prop1-func-interl.btor.smv	timeout	
nuxmv-bmc	/home/moxi-mc-flow/benchmarks/beem/QF_BV/rushhour.4.prop1-back-serstep.btor.smv	timeout	
nuxmv-bmc	/home/moxi-mc-flow/benchmarks/beem/QF_BV/rushhour.4.prop1-func-interl.btor.smv	timeout	
nuxmv-bmc	/home/moxi-mc-flow/benchmarks/beem/QF_BV/schedule_world.1.prop1-back-serstep.btor.smv	sat	0.121152
nuxmv-bmc	/home/moxi-mc-flow/benchmarks/beem/QF_BV/schedule_world.1.prop1-func-interl.btor.smv	sat	0.122112
nuxmv-bmc	/home/moxi-mc-flow/benchmarks/beem/QF_BV/schedule_world.2.prop1-back-serstep.btor.smv	sat	0.108058
nuxmv-bmc	/home/moxi-mc-flow/benchmarks/beem/QF_BV/schedule_world.2.prop1-func-interl.btor.smv	memout	
nuxmv-bmc	/home/moxi-mc-flow/benchmarks/beem/QF_BV/schedule_world.3.prop1-back-serstep.btor.smv	sat	0.137094
nuxmv-bmc	/home/moxi-mc-flow/benchmarks/beem/QF_BV/schedule_world.3.prop1-func-interl.btor.smv	sat	0.082661
nuxmv-bmc	/home/moxi-mc-flow/benchmarks/beem/QF_BV/sokoban.1.prop1-back-serstep.btor.smv	timeout	
nuxmv-bmc	/home/moxi-mc-flow/benchmarks/beem/QF_BV/sokoban.1.prop1-func-interl.btor.smv	timeout	
nuxmv-bmc	/home/moxi-mc-flow/benchmarks/beem/QF_BV/sokoban.2.prop1-back-serstep.btor.smv	timeout	
nuxmv-bmc	/home/moxi-mc-flow/benchmarks/beem/QF_BV/sokoban.2.prop1-func-interl.btor.smv	timeout	
nuxmv-bmc	/home/moxi-mc-flow/benchmarks/beem/QF_BV/sokoban.3.prop1-back-serstep.btor.smv	timeout	
nuxmv-bmc	/home/moxi-mc-flow/benchmarks/beem/QF_BV/sokoban.3.prop1-func-interl.btor.smv	timeout	
nuxmv-bmc	/home/moxi-mc-flow/benchmarks/beem/QF_BV/synapse.1.prop1-back-serstep.btor.smv	sat	42.948117
nuxmv-bmc	/home/moxi-mc-flow/benchmarks/beem/QF_BV/synapse.1.prop1-func-interl.btor.smv	sat	100.680848
nuxmv-bmc	/home/moxi-mc-flow/benchmarks/beem/QF_BV/synapse.2.prop1-back-serstep.btor.smv	timeout	
nuxmv-bmc	/home/moxi-mc-flow/benchmarks/beem/QF_BV/synapse.2.prop1-func-interl.btor.smv	timeout	
nuxmv-bmc	/home/moxi-mc-flow/benchmarks/beem/QF_BV/synapse.3.prop1-back-serstep.btor.smv	timeout	
nuxmv-bmc	/home/moxi-mc-flow/benchmarks/beem/QF_BV/synapse.3.prop1-func-interl.btor.smv	timeout	
nuxmv-bmc	/home/moxi-mc-flow/benchmarks/beem/QF_BV/synapse.4.prop1-back-serstep.btor.smv	timeout	
nuxmv-bmc	/home/moxi-mc-flow/benchmarks/beem/QF_BV/synapse.4.prop1-func-interl.btor.smv	timeout	
nuxmv-bmc	/home/moxi-mc-flow/benchmarks/beem/QF_BV/synapse.5.prop1-back-serstep.btor.smv	sat	171.205497
nuxmv-bmc	/home/moxi-mc-flow/benchmarks/beem/QF_BV/synapse.5.prop1-func-interl.btor.smv	sat	777.066648
nuxmv-bmc	/home/moxi-mc-flow/benchmarks/beem/QF_BV/synapse.6.prop1-back-serstep.btor.smv	timeout	
nuxmv-bmc	/home/moxi-mc-flow/benchmarks/beem/QF_BV/synapse.6.prop1-func-interl.btor.smv	timeout	
nuxmv-bmc	/home/moxi-mc-flow/benchmarks/beem/QF_BV/synapse.7.prop1-back-serstep.btor.smv	timeout	
nuxmv-bmc	/home/moxi-mc-flow/benchmarks/beem/QF_BV/synapse.7.prop1-func-interl.btor.smv	timeout	
nuxmv-bmc	/home/moxi-mc-flow/benchmarks/beem/QF_BV/szymanski.1.prop1-back-serstep.btor.smv	timeout	
nuxmv-bmc	/home/moxi-mc-flow/benchmarks/beem/QF_BV/szymanski.1.prop1-func-interl.btor.smv	timeout	
nuxmv-bmc	/home/moxi-mc-flow/benchmarks/beem/QF_BV/szymanski.2.prop1-back-serstep.btor.smv	sat	1.476985
nuxmv-bmc	/home/moxi-mc-flow/benchmarks/beem/QF_BV/szymanski.2.prop1-func-interl.btor.smv	sat	103.503881
nuxmv-bmc	/home/moxi-mc-flow/benchmarks/beem/QF_BV/szymanski.3.prop1-back-serstep.btor.smv	memout	
nuxmv-bmc	/home/moxi-mc-flow/benchmarks/beem/QF_BV/szymanski.3.prop1-func-interl.btor.smv	timeout	
nuxmv-bmc	/home/moxi-mc-flow/benchmarks/beem/QF_BV/szymanski.4.prop1-back-serstep.btor.smv	sat	1.722925
nuxmv-bmc	/home/moxi-mc-flow/benchmarks/beem/QF_BV/szymanski.4.prop1-func-interl.btor.smv	sat	586.351624
nuxmv-bmc	/home/moxi-mc-flow/benchmarks/beem/QF_BV/szymanski.5.prop1-back-serstep.btor.smv	timeout	
nuxmv-bmc	/home/moxi-mc-flow/benchmarks/beem/QF_BV/szymanski.5.prop1-func-interl.btor.smv	timeout	
nuxmv-bmc	/home/moxi-mc-flow/benchmarks/beem/QF_BV/telephony.1.prop1-back-serstep.btor.smv	sat	2.353495
nuxmv-bmc	/home/moxi-mc-flow/benchmarks/beem/QF_BV/telephony.1.prop1-func-interl.btor.smv	sat	181.560559
nuxmv-bmc	/home/moxi-mc-flow/benchmarks/beem/QF_BV/telephony.2.prop1-back-serstep.btor.smv	timeout	
nuxmv-bmc	/home/moxi-mc-flow/benchmarks/beem/QF_BV/telephony.2.prop1-func-interl.btor.smv	timeout	
nuxmv-bmc	/home/moxi-mc-flow/benchmarks/beem/QF_BV/telephony.3.prop1-back-serstep.btor.smv	sat	3.513091
nuxmv-bmc	/home/moxi-mc-flow/benchmarks/beem/QF_BV/telephony.3.prop1-func-interl.btor.smv	sat	467.8065
nuxmv-bmc	/home/moxi-mc-flow/benchmarks/beem/QF_BV/telephony.4.prop1-back-serstep.btor.smv	timeout	
nuxmv-bmc	/home/moxi-mc-flow/benchmarks/beem/QF_BV/telephony.4.prop1-func-interl.btor.smv	timeout	
nuxmv-bmc	/home/moxi-mc-flow/benchmarks/beem/QF_BV/telephony.5.prop1-back-serstep.btor.smv	timeout	
nuxmv-bmc	/home/moxi-mc-flow/benchmarks/beem/QF_BV/telephony.5.prop1-func-interl.btor.smv	timeout	
nuxmv-bmc	/home/moxi-mc-flow/benchmarks/beem/QF_BV/telephony.6.prop1-back-serstep.btor.smv	sat	3.392894
nuxmv-bmc	/home/moxi-mc-flow/benchmarks/beem/QF_BV/telephony.6.prop1-func-interl.btor.smv	sat	1086.354608
nuxmv-bmc	/home/moxi-mc-flow/benchmarks/beem/QF_BV/telephony.7.prop1-back-serstep.btor.smv	sat	4.130874
nuxmv-bmc	/home/moxi-mc-flow/benchmarks/beem/QF_BV/telephony.7.prop1-func-interl.btor.smv	sat	1194.438206
nuxmv-bmc	/home/moxi-mc-flow/benchmarks/beem/QF_BV/telephony.8.prop1-back-serstep.btor.smv	sat	4.83407
nuxmv-bmc	/home/moxi-mc-flow/benchmarks/beem/QF_BV/telephony.8.prop1-func-interl.btor.smv	sat	1039.230297
nuxmv-bmc	/home/moxi-mc-flow/benchmarks/beem/QF_BV/train-gate.1.prop1-back-serstep.btor.smv	sat	121.15491
nuxmv-bmc	/home/moxi-mc-flow/benchmarks/beem/QF_BV/train-gate.1.prop1-func-interl.btor.smv	sat	131.940051
nuxmv-bmc	/home/moxi-mc-flow/benchmarks/beem/QF_BV/train-gate.2.prop1-back-serstep.btor.smv	timeout	
nuxmv-bmc	/home/moxi-mc-flow/benchmarks/beem/QF_BV/train-gate.2.prop1-func-interl.btor.smv	timeout	
nuxmv-bmc	/home/moxi-mc-flow/benchmarks/beem/QF_BV/train-gate.3.prop1-back-serstep.btor.smv	sat	3484.421622
nuxmv-bmc	/home/moxi-mc-flow/benchmarks/beem/QF_BV/train-gate.3.prop1-func-interl.btor.smv	memout	
nuxmv-bmc	/home/moxi-mc-flow/benchmarks/beem/QF_BV/train-gate.4.prop1-back-serstep.btor.smv	timeout	
nuxmv-bmc	/home/moxi-mc-flow/benchmarks/beem/QF_BV/train-gate.4.prop1-func-interl.btor.smv	timeout	
nuxmv-bmc	/home/moxi-mc-flow/benchmarks/beem/QF_BV/train-gate.5.prop1-back-serstep.btor.smv	timeout	
nuxmv-bmc	/home/moxi-mc-flow/benchmarks/beem/QF_BV/train-gate.5.prop1-func-interl.btor.smv	timeout	
nuxmv-bmc	/home/moxi-mc-flow/benchmarks/beem/QF_BV/train-gate.6.prop1-back-serstep.btor.smv	timeout	
nuxmv-bmc	/home/moxi-mc-flow/benchmarks/beem/QF_BV/train-gate.6.prop1-func-interl.btor.smv	timeout	
nuxmv-bmc	/home/moxi-mc-flow/benchmarks/beem/QF_BV/train-gate.7.prop1-back-serstep.btor.smv	memout	
nuxmv-bmc	/home/moxi-mc-flow/benchmarks/beem/QF_BV/train-gate.7.prop1-func-interl.btor.smv	timeout	
nuxmv-bmc	/home/moxi-mc-flow/benchmarks/invgen/QF_BV/MADWiFi-encode_ie_ok.c.smv	memout	
nuxmv-bmc	/home/moxi-mc-flow/benchmarks/invgen/QF_BV/NetBSD_loop.c.smv	memout	
nuxmv-bmc	/home/moxi-mc-flow/benchmarks/invgen/QF_BV/SpamAssassin-loop.c.smv	memout	
nuxmv-bmc	/home/moxi-mc-flow/benchmarks/invgen/QF_BV/SpamAssassin-loop_ok.c.smv	memout	
nuxmv-bmc	/home/moxi-mc-flow/benchmarks/invgen/QF_BV/apache-escape-absolute.c.smv	memout	
nuxmv-bmc	/home/moxi-mc-flow/benchmarks/invgen/QF_BV/apache-get-tag.c.smv	memout	
nuxmv-bmc	/home/moxi-mc-flow/benchmarks/invgen/QF_BV/bind_expands_vars2.c.smv	memout	
nuxmv-bmc	/home/moxi-mc-flow/benchmarks/invgen/QF_BV/bound.c.smv	memout	
nuxmv-bmc	/home/moxi-mc-flow/benchmarks/invgen/QF_BV/down.c.smv	memout	
nuxmv-bmc	/home/moxi-mc-flow/benchmarks/invgen/QF_BV/fragtest_simple.c.smv	memout	
nuxmv-bmc	/home/moxi-mc-flow/benchmarks/invgen/QF_BV/gulwani_cegar1.c.smv	memout	
nuxmv-bmc	/home/moxi-mc-flow/benchmarks/invgen/QF_BV/gulwani_cegar2.c.smv	memout	
nuxmv-bmc	/home/moxi-mc-flow/benchmarks/invgen/QF_BV/gulwani_fig1a.c.smv	memout	
nuxmv-bmc	/home/moxi-mc-flow/benchmarks/invgen/QF_BV/id_build.c.smv	memout	
nuxmv-bmc	/home/moxi-mc-flow/benchmarks/invgen/QF_BV/ken-imp.c.smv	memout	
nuxmv-bmc	/home/moxi-mc-flow/benchmarks/invgen/QF_BV/mergesort.c.smv	memout	
nuxmv-bmc	/home/moxi-mc-flow/benchmarks/invgen/QF_BV/nest-if.c.smv	memout	
nuxmv-bmc	/home/moxi-mc-flow/benchmarks/invgen/QF_BV/nest-if1.c.smv	memout	
nuxmv-bmc	/home/moxi-mc-flow/benchmarks/invgen/QF_BV/nest-if2.c.smv	memout	
nuxmv-bmc	/home/moxi-mc-flow/benchmarks/invgen/QF_BV/nest-if3.c.smv	memout	
nuxmv-bmc	/home/moxi-mc-flow/benchmarks/invgen/QF_BV/nest-if4.c.smv	memout	
nuxmv-bmc	/home/moxi-mc-flow/benchmarks/invgen/QF_BV/nest-if5.c.smv	memout	
nuxmv-bmc	/home/moxi-mc-flow/benchmarks/invgen/QF_BV/nest-if6.c.smv	memout	
nuxmv-bmc	/home/moxi-mc-flow/benchmarks/invgen/QF_BV/nest-if7.c.smv	memout	
nuxmv-bmc	/home/moxi-mc-flow/benchmarks/invgen/QF_BV/nest-if8.c.smv	memout	
nuxmv-bmc	/home/moxi-mc-flow/benchmarks/invgen/QF_BV/nest-len.c.smv	memout	
nuxmv-bmc	/home/moxi-mc-flow/benchmarks/invgen/QF_BV/nested.c.smv	memout	
nuxmv-bmc	/home/moxi-mc-flow/benchmarks/invgen/QF_BV/nested1.c.smv	memout	
nuxmv-bmc	/home/moxi-mc-flow/benchmarks/invgen/QF_BV/nested2.c.smv	memout	
nuxmv-bmc	/home/moxi-mc-flow/benchmarks/invgen/QF_BV/nested3.c.smv	memout	
nuxmv-bmc	/home/moxi-mc-flow/benchmarks/invgen/QF_BV/nested4.c.smv	memout	
nuxmv-bmc	/home/moxi-mc-flow/benchmarks/invgen/QF_BV/nested5.c.smv	memout	
nuxmv-bmc	/home/moxi-mc-flow/benchmarks/invgen/QF_BV/nested6.c.smv	memout	
nuxmv-bmc	/home/moxi-mc-flow/benchmarks/invgen/QF_BV/nested7.c.smv	memout	
nuxmv-bmc	/home/moxi-mc-flow/benchmarks/invgen/QF_BV/nested8.c.smv	memout	
nuxmv-bmc	/home/moxi-mc-flow/benchmarks/invgen/QF_BV/nested9.c.smv	memout	
nuxmv-bmc	/home/moxi-mc-flow/benchmarks/invgen/QF_BV/puzzle1.c.smv	memout	
nuxmv-bmc	/home/moxi-mc-flow/benchmarks/invgen/QF_BV/rajamani_1.c.smv	memout	
nuxmv-bmc	/home/moxi-mc-flow/benchmarks/invgen/QF_BV/sendmail-close-angle.c.smv	memout	
nuxmv-bmc	/home/moxi-mc-flow/benchmarks/invgen/QF_BV/sendmail-mime-fromqp.c.smv	memout	
nuxmv-bmc	/home/moxi-mc-flow/benchmarks/invgen/QF_BV/sendmail-mime7to8_arr_three_chars_no_test_ok.c.smv	memout	
nuxmv-bmc	/home/moxi-mc-flow/benchmarks/invgen/QF_BV/seq-len.c.smv	memout	
nuxmv-bmc	/home/moxi-mc-flow/benchmarks/invgen/QF_BV/seq-proc.c.smv	memout	
nuxmv-bmc	/home/moxi-mc-flow/benchmarks/invgen/QF_BV/seq-sim.c.smv	memout	
nuxmv-bmc	/home/moxi-mc-flow/benchmarks/invgen/QF_BV/seq-z3.c.smv	memout	
nuxmv-bmc	/home/moxi-mc-flow/benchmarks/invgen/QF_BV/seq.c.smv	memout	
nuxmv-bmc	/home/moxi-mc-flow/benchmarks/invgen/QF_BV/seq2.c.smv	memout	
nuxmv-bmc	/home/moxi-mc-flow/benchmarks/invgen/QF_BV/seq3.c.smv	memout	
nuxmv-bmc	/home/moxi-mc-flow/benchmarks/invgen/QF_BV/seq4.c.smv	memout	
nuxmv-bmc	/home/moxi-mc-flow/benchmarks/invgen/QF_BV/simple.c.smv	memout	
nuxmv-bmc	/home/moxi-mc-flow/benchmarks/invgen/QF_BV/simple_if.c.smv	memout	
nuxmv-bmc	/home/moxi-mc-flow/benchmarks/invgen/QF_BV/simple_nest.c.smv	memout	
nuxmv-bmc	/home/moxi-mc-flow/benchmarks/invgen/QF_BV/split.c.smv	memout	
nuxmv-bmc	/home/moxi-mc-flow/benchmarks/invgen/QF_BV/string_concat-noarr.c.smv	memout	
nuxmv-bmc	/home/moxi-mc-flow/benchmarks/invgen/QF_BV/svd-some-loop.c.smv	memout	
nuxmv-bmc	/home/moxi-mc-flow/benchmarks/invgen/QF_BV/svd.c.smv	memout	
nuxmv-bmc	/home/moxi-mc-flow/benchmarks/invgen/QF_BV/svd1.c.smv	memout	
nuxmv-bmc	/home/moxi-mc-flow/benchmarks/invgen/QF_BV/svd2.c.smv	memout	
nuxmv-bmc	/home/moxi-mc-flow/benchmarks/invgen/QF_BV/svd3.c.smv	memout	
nuxmv-bmc	/home/moxi-mc-flow/benchmarks/invgen/QF_BV/svd4.c.smv	memout	
nuxmv-bmc	/home/moxi-mc-flow/benchmarks/invgen/QF_BV/up-nested.c.smv	memout	
nuxmv-bmc	/home/moxi-mc-flow/benchmarks/invgen/QF_BV/up.c.smv	memout	
nuxmv-bmc	/home/moxi-mc-flow/benchmarks/invgen/QF_BV/up2.c.smv	memout	
nuxmv-bmc	/home/moxi-mc-flow/benchmarks/invgen/QF_BV/up3.c.smv	memout	
nuxmv-bmc	/home/moxi-mc-flow/benchmarks/invgen/QF_BV/up4.c.smv	memout	
nuxmv-bmc	/home/moxi-mc-flow/benchmarks/invgen/QF_BV/up5.c.smv	memout	
nuxmv-bmc	/home/moxi-mc-flow/benchmarks/software/QF_BV/bubblesort-1.smv	memout	
nuxmv-bmc	/home/moxi-mc-flow/benchmarks/software/QF_BV/bubblesort-2.smv	memout	
nuxmv-bmc	/home/moxi-mc-flow/benchmarks/software/QF_BV/bubblesort-3.smv	memout	
nuxmv-bmc	/home/moxi-mc-flow/benchmarks/software/QF_BV/bubblesort_init-1.smv	memout	
nuxmv-bmc	/home/moxi-mc-flow/benchmarks/software/QF_BV/bubblesort_init-2.smv	memout	
nuxmv-bmc	/home/moxi-mc-flow/benchmarks/software/QF_BV/bubblesort_init-3.smv	memout	
nuxmv-bmc	/home/moxi-mc-flow/benchmarks/software/QF_BV/simple_array_inversion-1.smv	memout	
nuxmv-bmc	/home/moxi-mc-flow/benchmarks/software/QF_BV/simple_array_inversion-2.smv	memout	
nuxmv-bmc	/home/moxi-mc-flow/benchmarks/software/QF_BV/simple_array_inversion-3.smv	memout	
nuxmv-bmc	/home/moxi-mc-flow/benchmarks/software/QF_BV/simple_array_inversion-4.smv	memout	
nuxmv-bmc	/home/moxi-mc-flow/benchmarks/software/QF_BV/simple_array_inversion-5.smv	memout	
nuxmv-bmc	/home/moxi-mc-flow/benchmarks/software/QF_BV/simple_array_inversion-6.smv	memout	
nuxmv-bmc	/home/moxi-mc-flow/benchmarks/software/QF_BV/simple_array_inversion-7.smv	memout	
nuxmv-bmc	/home/moxi-mc-flow/benchmarks/software/QF_BV/simple_array_inversion-8.smv	memout	
nuxmv-bmc	/home/moxi-mc-flow/benchmarks/software/QF_BV/simple_array_inversion-9.smv	memout	
nuxmv-bmc	/home/moxi-mc-flow/benchmarks/svcomp/QF_BV/byte_add_unsafe.c.smv	memout	
nuxmv-bmc	/home/moxi-mc-flow/benchmarks/svcomp/QF_BV/byte_add_1_safe.c.smv	memout	
nuxmv-bmc	/home/moxi-mc-flow/benchmarks/svcomp/QF_BV/byte_add_2_safe.c.smv	memout	
nuxmv-bmc	/home/moxi-mc-flow/benchmarks/svcomp/QF_BV/cdaudio_simpl1.cil.smv	memout	
nuxmv-bmc	/home/moxi-mc-flow/benchmarks/svcomp/QF_BV/cdaudio_simpl1_BUG.cil.smv	memout	
nuxmv-bmc	/home/moxi-mc-flow/benchmarks/svcomp/QF_BV/diskperf_simpl1.cil.smv	memout	
nuxmv-bmc	/home/moxi-mc-flow/benchmarks/svcomp/QF_BV/floppy_simpl3.cil.smv	memout	
nuxmv-bmc	/home/moxi-mc-flow/benchmarks/svcomp/QF_BV/floppy_simpl3_BUG.cil.smv	memout	
nuxmv-bmc	/home/moxi-mc-flow/benchmarks/svcomp/QF_BV/floppy_simpl4.cil.smv	memout	
nuxmv-bmc	/home/moxi-mc-flow/benchmarks/svcomp/QF_BV/floppy_simpl4_BUG.cil.smv	memout	
nuxmv-bmc	/home/moxi-mc-flow/benchmarks/svcomp/QF_BV/gcd_1_safe.c.smv	memout	
nuxmv-bmc	/home/moxi-mc-flow/benchmarks/svcomp/QF_BV/gcd_2_safe.c.smv	memout	
nuxmv-bmc	/home/moxi-mc-flow/benchmarks/svcomp/QF_BV/gcd_3_safe.c.smv	memout	
nuxmv-bmc	/home/moxi-mc-flow/benchmarks/svcomp/QF_BV/gcd_4_safe.c.smv	memout	
nuxmv-bmc	/home/moxi-mc-flow/benchmarks/svcomp/QF_BV/interleave_bits_safe.c.smv	memout	
nuxmv-bmc	/home/moxi-mc-flow/benchmarks/svcomp/QF_BV/jain_1_safe.c.smv	memout	
nuxmv-bmc	/home/moxi-mc-flow/benchmarks/svcomp/QF_BV/jain_2_safe.c.smv	memout	
nuxmv-bmc	/home/moxi-mc-flow/benchmarks/svcomp/QF_BV/jain_4_safe.c.smv	memout	
nuxmv-bmc	/home/moxi-mc-flow/benchmarks/svcomp/QF_BV/jain_5_safe.c.smv	memout	
nuxmv-bmc	/home/moxi-mc-flow/benchmarks/svcomp/QF_BV/jain_6_safe.c.smv	memout	
nuxmv-bmc	/home/moxi-mc-flow/benchmarks/svcomp/QF_BV/jain_7_safe.c.smv	memout	
nuxmv-bmc	/home/moxi-mc-flow/benchmarks/svcomp/QF_BV/kbfiltr_simpl1.cil.smv	memout	
nuxmv-bmc	/home/moxi-mc-flow/benchmarks/svcomp/QF_BV/kbfiltr_simpl2.cil.smv	memout	
nuxmv-bmc	/home/moxi-mc-flow/benchmarks/svcomp/QF_BV/kbfiltr_simpl2_BUG.cil.smv	memout	
nuxmv-bmc	/home/moxi-mc-flow/benchmarks/svcomp/QF_BV/modulus_safe.c.smv	memout	
nuxmv-bmc	/home/moxi-mc-flow/benchmarks/svcomp/QF_BV/num_conversion_1_safe.c.smv	memout	
nuxmv-bmc	/home/moxi-mc-flow/benchmarks/svcomp/QF_BV/num_conversion_2_safe.c.smv	memout	
nuxmv-bmc	/home/moxi-mc-flow/benchmarks/svcomp/QF_BV/parity_safe.c.smv	memout	
nuxmv-bmc	/home/moxi-mc-flow/benchmarks/svcomp/QF_BV/soft_float_1_safe.c.cil.c.smv	memout	
nuxmv-bmc	/home/moxi-mc-flow/benchmarks/svcomp/QF_BV/soft_float_2_safe.c.cil.c.smv	memout	
nuxmv-bmc	/home/moxi-mc-flow/benchmarks/svcomp/QF_BV/soft_float_3_safe.c.cil.c.smv	memout	
nuxmv-bmc	/home/moxi-mc-flow/benchmarks/svcomp/QF_BV/soft_float_4_safe.c.cil.c.smv	memout	
nuxmv-bmc	/home/moxi-mc-flow/benchmarks/svcomp/QF_BV/soft_float_5_safe.c.cil.c.smv	memout	
nuxmv-bmc	/home/moxi-mc-flow/benchmarks/svcomp/QF_BV/s3_clnt_1.cil.smv	memout	
nuxmv-bmc	/home/moxi-mc-flow/benchmarks/svcomp/QF_BV/s3_clnt_1_BUG.cil.smv	memout	
nuxmv-bmc	/home/moxi-mc-flow/benchmarks/svcomp/QF_BV/s3_clnt_1_safe.BV.c.cil.c.smv	memout	
nuxmv-bmc	/home/moxi-mc-flow/benchmarks/svcomp/QF_BV/s3_clnt_1_unsafe.BV.c.cil.c.smv	memout	
nuxmv-bmc	/home/moxi-mc-flow/benchmarks/svcomp/QF_BV/s3_clnt_2.cil.smv	memout	
nuxmv-bmc	/home/moxi-mc-flow/benchmarks/svcomp/QF_BV/s3_clnt_2_BUG.cil.smv	memout	
nuxmv-bmc	/home/moxi-mc-flow/benchmarks/svcomp/QF_BV/s3_clnt_2_safe.BV.c.cil.c.smv	memout	
nuxmv-bmc	/home/moxi-mc-flow/benchmarks/svcomp/QF_BV/s3_clnt_2_unsafe.BV.c.cil.c.smv	memout	
nuxmv-bmc	/home/moxi-mc-flow/benchmarks/svcomp/QF_BV/s3_clnt_3.cil.smv	memout	
nuxmv-bmc	/home/moxi-mc-flow/benchmarks/svcomp/QF_BV/s3_clnt_3_BUG.cil.smv	memout	
nuxmv-bmc	/home/moxi-mc-flow/benchmarks/svcomp/QF_BV/s3_clnt_3_safe.BV.c.cil.c.smv	memout	
nuxmv-bmc	/home/moxi-mc-flow/benchmarks/svcomp/QF_BV/s3_clnt_3_unsafe.BV.c.cil.c.smv	memout	
nuxmv-bmc	/home/moxi-mc-flow/benchmarks/svcomp/QF_BV/s3_clnt_4.cil.smv	memout	
nuxmv-bmc	/home/moxi-mc-flow/benchmarks/svcomp/QF_BV/s3_clnt_4_BUG.cil.smv	memout	
nuxmv-bmc	/home/moxi-mc-flow/benchmarks/svcomp/QF_BV/s3_srvr_1.cil.smv	memout	
nuxmv-bmc	/home/moxi-mc-flow/benchmarks/svcomp/QF_BV/s3_srvr_1_BUG.cil.smv	memout	
nuxmv-bmc	/home/moxi-mc-flow/benchmarks/svcomp/QF_BV/s3_srvr_1_safe.BV.c.cil.c.smv	memout	
nuxmv-bmc	/home/moxi-mc-flow/benchmarks/svcomp/QF_BV/s3_srvr_1_unsafe.BV.c.cil.c.smv	memout	
nuxmv-bmc	/home/moxi-mc-flow/benchmarks/svcomp/QF_BV/s3_srvr_2.cil.smv	memout	
nuxmv-bmc	/home/moxi-mc-flow/benchmarks/svcomp/QF_BV/s3_srvr_2_BUG.cil.smv	memout	
nuxmv-bmc	/home/moxi-mc-flow/benchmarks/svcomp/QF_BV/s3_srvr_2_safe.BV.c.cil.c.smv	memout	
nuxmv-bmc	/home/moxi-mc-flow/benchmarks/svcomp/QF_BV/s3_srvr_2_unsafe.BV.c.cil.c.smv	memout	
nuxmv-bmc	/home/moxi-mc-flow/benchmarks/svcomp/QF_BV/s3_srvr_3.cil.smv	memout	
nuxmv-bmc	/home/moxi-mc-flow/benchmarks/svcomp/QF_BV/s3_srvr_3_safe.BV.c.cil.c.smv	memout	
nuxmv-bmc	/home/moxi-mc-flow/benchmarks/svcomp/QF_BV/s3_srvr_3_unsafe.BV.c.cil.c.smv	memout	
nuxmv-bmc	/home/moxi-mc-flow/benchmarks/svcomp/QF_BV/s3_srvr_4.cil.smv	memout	
nuxmv-bmc	/home/moxi-mc-flow/benchmarks/svcomp/QF_BV/s3_srvr_6.cil.smv	memout	
nuxmv-bmc	/home/moxi-mc-flow/benchmarks/svcomp/QF_BV/s3_srvr_7.cil.smv	memout	
nuxmv-bmc	/home/moxi-mc-flow/benchmarks/svcomp/QF_BV/s3_srvr_8.cil.smv	memout	
nuxmv-bmc	/home/moxi-mc-flow/benchmarks/svcomp/QF_BV/s3_srvr_9.cil.smv	memout	
nuxmv-bmc	/home/moxi-mc-flow/benchmarks/svcomp/QF_BV/s3_srvr_10.cil.smv	memout	
nuxmv-bmc	/home/moxi-mc-flow/benchmarks/svcomp/QF_BV/s3_srvr_11.cil.smv	memout	
nuxmv-bmc	/home/moxi-mc-flow/benchmarks/svcomp/QF_BV/s3_srvr_12.cil.smv	memout	
nuxmv-bmc	/home/moxi-mc-flow/benchmarks/svcomp/QF_BV/s3_srvr_13.cil.smv	memout	
nuxmv-bmc	/home/moxi-mc-flow/benchmarks/svcomp/QF_BV/s3_srvr_14.cil.smv	memout	
nuxmv-bmc	/home/moxi-mc-flow/benchmarks/svcomp/QF_BV/s3_srvr_15.cil.smv	memout	
nuxmv-bmc	/home/moxi-mc-flow/benchmarks/svcomp/QF_BV/s3_srvr_16.cil.smv	memout	
nuxmv-bmc	/home/moxi-mc-flow/benchmarks/systemc/QF_BV/bist_cell.smv	memout	
nuxmv-bmc	/home/moxi-mc-flow/benchmarks/systemc/QF_BV/kundu-bug-1.smv	memout	
nuxmv-bmc	/home/moxi-mc-flow/benchmarks/systemc/QF_BV/kundu-bug-2.smv	memout	
nuxmv-bmc	/home/moxi-mc-flow/benchmarks/systemc/QF_BV/kundu.smv	memout	
nuxmv-bmc	/home/moxi-mc-flow/benchmarks/systemc/QF_BV/mem_slave_tlm.1.smv	memout	
nuxmv-bmc	/home/moxi-mc-flow/benchmarks/systemc/QF_BV/mem_slave_tlm.2.smv	memout	
nuxmv-bmc	/home/moxi-mc-flow/benchmarks/systemc/QF_BV/mem_slave_tlm.3.smv	memout	
nuxmv-bmc	/home/moxi-mc-flow/benchmarks/systemc/QF_BV/mem_slave_tlm.4.smv	memout	
nuxmv-bmc	/home/moxi-mc-flow/benchmarks/systemc/QF_BV/mem_slave_tlm.5.smv	memout	
nuxmv-bmc	/home/moxi-mc-flow/benchmarks/systemc/QF_BV/pc_sfifo_1.smv	memout	
nuxmv-bmc	/home/moxi-mc-flow/benchmarks/systemc/QF_BV/pc_sfifo_2.smv	memout	
nuxmv-bmc	/home/moxi-mc-flow/benchmarks/systemc/QF_BV/pc_sfifo_3.smv	memout	
nuxmv-bmc	/home/moxi-mc-flow/benchmarks/systemc/QF_BV/pipeline-bug.smv	memout	
nuxmv-bmc	/home/moxi-mc-flow/benchmarks/systemc/QF_BV/pipeline.smv	memout	
nuxmv-bmc	/home/moxi-mc-flow/benchmarks/systemc/QF_BV/token_ring.1.smv	memout	
nuxmv-bmc	/home/moxi-mc-flow/benchmarks/systemc/QF_BV/token_ring.2.smv	memout	
nuxmv-bmc	/home/moxi-mc-flow/benchmarks/systemc/QF_BV/token_ring.3.smv	memout	
nuxmv-bmc	/home/moxi-mc-flow/benchmarks/systemc/QF_BV/token_ring.4.smv	memout	
nuxmv-bmc	/home/moxi-mc-flow/benchmarks/systemc/QF_BV/token_ring.5.smv	memout	
nuxmv-bmc	/home/moxi-mc-flow/benchmarks/systemc/QF_BV/token_ring.6.smv	memout	
nuxmv-bmc	/home/moxi-mc-flow/benchmarks/systemc/QF_BV/token_ring.7.smv	memout	
nuxmv-bmc	/home/moxi-mc-flow/benchmarks/systemc/QF_BV/token_ring.8.smv	memout	
nuxmv-bmc	/home/moxi-mc-flow/benchmarks/systemc/QF_BV/token_ring.9.smv	memout	
nuxmv-bmc	/home/moxi-mc-flow/benchmarks/systemc/QF_BV/token_ring.10.smv	memout	
nuxmv-bmc	/home/moxi-mc-flow/benchmarks/systemc/QF_BV/token_ring.11.smv	memout	
nuxmv-bmc	/home/moxi-mc-flow/benchmarks/systemc/QF_BV/token_ring.12.smv	memout	
nuxmv-bmc	/home/moxi-mc-flow/benchmarks/systemc/QF_BV/token_ring.13.smv	memout	
nuxmv-bmc	/home/moxi-mc-flow/benchmarks/systemc/QF_BV/toy-bug-1.smv	memout	
nuxmv-bmc	/home/moxi-mc-flow/benchmarks/systemc/QF_BV/toy-bug-2.smv	memout	
nuxmv-bmc	/home/moxi-mc-flow/benchmarks/systemc/QF_BV/toy.smv	memout	
nuxmv-bmc	/home/moxi-mc-flow/benchmarks/systemc/QF_BV/transmitter.1.smv	memout	
nuxmv-bmc	/home/moxi-mc-flow/benchmarks/systemc/QF_BV/transmitter.2.smv	memout	
nuxmv-bmc	/home/moxi-mc-flow/benchmarks/systemc/QF_BV/transmitter.3.smv	memout	
nuxmv-bmc	/home/moxi-mc-flow/benchmarks/systemc/QF_BV/transmitter.4.smv	memout	
nuxmv-bmc	/home/moxi-mc-flow/benchmarks/systemc/QF_BV/transmitter.5.smv	memout	
nuxmv-bmc	/home/moxi-mc-flow/benchmarks/systemc/QF_BV/transmitter.6.smv	memout	
nuxmv-bmc	/home/moxi-mc-flow/benchmarks/systemc/QF_BV/transmitter.7.smv	memout	
nuxmv-bmc	/home/moxi-mc-flow/benchmarks/systemc/QF_BV/transmitter.8.smv	memout	
nuxmv-bmc	/home/moxi-mc-flow/benchmarks/systemc/QF_BV/transmitter.9.smv	memout	
nuxmv-bmc	/home/moxi-mc-flow/benchmarks/systemc/QF_BV/transmitter.10.smv	memout	
nuxmv-bmc	/home/moxi-mc-flow/benchmarks/systemc/QF_BV/transmitter.11.smv	memout	
nuxmv-bmc	/home/moxi-mc-flow/benchmarks/systemc/QF_BV/transmitter.12.smv	memout	
nuxmv-bmc	/home/moxi-mc-flow/benchmarks/systemc/QF_BV/transmitter.13.smv	memout	
nuxmv-bmc	/home/moxi-mc-flow/benchmarks/vcegar/QF_BV/itc99_b13_p01.smv	memout	
nuxmv-bmc	/home/moxi-mc-flow/benchmarks/vcegar/QF_BV/itc99_b13_p03.smv	memout	
nuxmv-bmc	/home/moxi-mc-flow/benchmarks/vcegar/QF_BV/itc99_b13_p06.smv	memout	
nuxmv-bmc	/home/moxi-mc-flow/benchmarks/vcegar/QF_BV/itc99_b13_p07.smv	memout	
nuxmv-bmc	/home/moxi-mc-flow/benchmarks/vcegar/QF_BV/itc99_b13_p08.smv	memout	
nuxmv-bmc	/home/moxi-mc-flow/benchmarks/vcegar/QF_BV/itc99_b13_p09.smv	memout	
nuxmv-bmc	/home/moxi-mc-flow/benchmarks/vcegar/QF_BV/itc99_b13_p10.smv	memout	
nuxmv-bmc	/home/moxi-mc-flow/benchmarks/vcegar/QF_BV/itc99_b13_p11.smv	memout	
nuxmv-bmc	/home/moxi-mc-flow/benchmarks/vcegar/QF_BV/itc99_b13_p12.smv	memout	
nuxmv-bmc	/home/moxi-mc-flow/benchmarks/vcegar/QF_BV/itc99_b13_p13.smv	memout	
nuxmv-bmc	/home/moxi-mc-flow/benchmarks/vcegar/QF_BV/itc99_b13_p14.smv	memout	
nuxmv-bmc	/home/moxi-mc-flow/benchmarks/vcegar/QF_BV/itc99_b13_p15.smv	memout	
nuxmv-bmc	/home/moxi-mc-flow/benchmarks/vcegar/QF_BV/itc99_b13_p20.smv	memout	
nuxmv-bmc	/home/moxi-mc-flow/benchmarks/vcegar/QF_BV/itc99_b13_p22.smv	memout	
nuxmv-bmc	/home/moxi-mc-flow/benchmarks/vcegar/QF_BV/pj_icu_icctl_p1.smv	memout	
nuxmv-bmc	/home/moxi-mc-flow/benchmarks/vcegar/QF_BV/pj_icu_icctl_p2.smv	memout	
nuxmv-bmc	/home/moxi-mc-flow/benchmarks/vcegar/QF_BV/sdlx_control.smv	memout	
nuxmv-bmc	/home/moxi-mc-flow/benchmarks/vcegar/QF_BV/usb_phy_1.smv	memout	
nuxmv-bmc	/home/moxi-mc-flow/benchmarks/vcegar/arrays/itc99_b12_p1.smv	memout	
nuxmv-bmc	/home/moxi-mc-flow/benchmarks/vcegar/arrays/itc99_b12_p2.smv	memout	
nuxmv-bmc	/home/moxi-mc-flow/benchmarks/vis/QF_BV/bcuvis32.smv	memout	
nuxmv-bmc	/home/moxi-mc-flow/benchmarks/vis/QF_BV/fru32_p1.smv	memout	
nuxmv-bmc	/home/moxi-mc-flow/benchmarks/vis/QF_BV/fru32_p2.smv	memout	
nuxmv-bmc	/home/moxi-mc-flow/benchmarks/vis/QF_BV/fru32_p3.smv	memout	
nuxmv-bmc	/home/moxi-mc-flow/benchmarks/vis/QF_BV/ibuf.smv	memout	
nuxmv-bmc	/home/moxi-mc-flow/benchmarks/vis/QF_BV/rotate32.smv	memout	
nuxmv-bmc	/home/moxi-mc-flow/benchmarks/vis/QF_BV/spinner32.smv	memout	
nuxmv-bmc	/home/moxi-mc-flow/benchmarks/vis/QF_BV/s1269b_p1.smv	memout	
nuxmv-bmc	/home/moxi-mc-flow/benchmarks/vis/QF_BV/s1269b_p2.smv	memout	
nuxmv-bmc	/home/moxi-mc-flow/benchmarks/vis/QF_BV/s1269b_p3.smv	memout	
nuxmv-bmc	/home/moxi-mc-flow/benchmarks/vis/QF_BV/s1269b_p4.smv	memout	
nuxmv-bmc	/home/moxi-mc-flow/benchmarks/vis/QF_BV/s1269b_p5.smv	memout	
nuxmv-bmc	/home/moxi-mc-flow/benchmarks/vis/QF_BV/vMiim_p1.smv	memout	
nuxmv-bmc	/home/moxi-mc-flow/benchmarks/vis/QF_BV/vMiim_p2.smv	memout	
nuxmv-bmc	/home/moxi-mc-flow/benchmarks/vis/QF_BV/vlunc.smv	memout	
nuxmv-bmc	/home/moxi-mc-flow/benchmarks/vis/arrays/FIFOs.smv	memout	
nuxmv-bmc	/home/moxi-mc-flow/benchmarks/vis/arrays/am2901.smv	memout	
nuxmv-bmc	/home/moxi-mc-flow/benchmarks/vis/arrays/am2910_p1.smv	memout	
nuxmv-bmc	/home/moxi-mc-flow/benchmarks/vis/arrays/am2910_p2.smv	memout	
nuxmv-bmc	/home/moxi-mc-flow/benchmarks/vis/arrays/am2910_p3.smv	memout	
nuxmv-bmc	/home/moxi-mc-flow/benchmarks/vis/arrays/am2910_p4.smv	memout	
nuxmv-bmc	/home/moxi-mc-flow/benchmarks/vis/arrays/bpbs_p1.smv	memout	
nuxmv-bmc	/home/moxi-mc-flow/benchmarks/vis/arrays/bpbs_p2.smv	memout	
nuxmv-bmc	/home/moxi-mc-flow/benchmarks/vis/arrays/bpbs_p3.smv	memout	
nuxmv-bmc	/home/moxi-mc-flow/benchmarks/vis/arrays/bpbs_p4.smv	memout	
nuxmv-bmc	/home/moxi-mc-flow/benchmarks/vis/arrays/buf_bug.smv	memout	
nuxmv-bmc	/home/moxi-mc-flow/benchmarks/vis/arrays/bufferAlloc.smv	memout	
nuxmv-bmc	/home/moxi-mc-flow/benchmarks/vis/arrays/field5.smv	memout	
nuxmv-bmc	/home/moxi-mc-flow/benchmarks/vis/arrays/palu.smv	memout	
nuxmv-bmc	/home/moxi-mc-flow/benchmarks/vis/arrays/twoFifo1_p1.smv	memout	
nuxmv-bmc	/home/moxi-mc-flow/benchmarks/vis/arrays/twoFifo1_p2.smv	memout	
nuxmv-bmc	/home/moxi-mc-flow/benchmarks/vis/arrays/twoFifo1_p3.smv	memout	
nuxmv-bmc	/home/moxi-mc-flow/benchmarks/vis/arrays/two_p1.smv	memout	
nuxmv-bmc	/home/moxi-mc-flow/benchmarks/vis/arrays/two_p2.smv	memout	
nuxmv-bmc	/home/moxi-mc-flow/benchmarks/vis/arrays/vsaR_p01.smv	memout	
nuxmv-bmc	/home/moxi-mc-flow/benchmarks/vis/arrays/vsaR_p02.smv	memout	
nuxmv-bmc	/home/moxi-mc-flow/benchmarks/vis/arrays/vsaR_p03.smv	memout	
nuxmv-bmc	/home/moxi-mc-flow/benchmarks/vis/arrays/vsaR_p04.smv	memout	
nuxmv-bmc	/home/moxi-mc-flow/benchmarks/vis/arrays/vsaR_p05.smv	memout	
nuxmv-bmc	/home/moxi-mc-flow/benchmarks/vis/arrays/vsaR_p06.smv	memout	
nuxmv-bmc	/home/moxi-mc-flow/benchmarks/vis/arrays/vsaR_p07.smv	memout	
nuxmv-bmc	/home/moxi-mc-flow/benchmarks/vis/arrays/vsaR_p08.smv	memout	
nuxmv-bmc	/home/moxi-mc-flow/benchmarks/vis/arrays/vsaR_p09.smv	memout	
nuxmv-bmc	/home/moxi-mc-flow/benchmarks/vis/arrays/vsaR_p10.smv	memout	
nuxmv-bmc	/home/moxi-mc-flow/benchmarks/vis/arrays/vsaR_p11.smv	memout	
nuxmv-bmc	/home/moxi-mc-flow/benchmarks/vis/arrays/vsaR_p12.smv	memout	
nuxmv-bmc	/home/moxi-mc-flow/benchmarks/vis/arrays/vsaR_p13.smv	memout	
nuxmv-bmc	/home/moxi-mc-flow/benchmarks/vis/arrays/vsaR_p14.smv	memout	
nuxmv-bmc	/home/moxi-mc-flow/benchmarks/vis/arrays/vsaR_p15.smv	memout	
nuxmv-bmc	/home/moxi-mc-flow/benchmarks/vis/arrays/vsaR_p16.smv	memout	
nuxmv-bmc	/home/moxi-mc-flow/benchmarks/vis/arrays/vsa16a_p1.smv	memout	
nuxmv-bmc	/home/moxi-mc-flow/benchmarks/vis/arrays/vsa16a_p2.smv	memout	
nuxmv-bmc	/home/moxi-mc-flow/benchmarks/vis/arrays/vsa16a_p3.smv	memout	
nuxmv-bmc	/home/moxi-mc-flow/benchmarks/vis/arrays/vsa16a_p4.smv	memout	
nuxmv-bmc	/home/moxi-mc-flow/benchmarks/vis/arrays/vsa16a_p5.smv	memout	
nuxmv-bmc	/home/moxi-mc-flow/benchmarks/vis/arrays/vsa16a_p6.smv	memout	
nuxmv-bmc	/home/moxi-mc-flow/benchmarks/vis/arrays/vsa16a_p7.smv	memout	
nuxmv-bmc	/home/moxi-mc-flow/benchmarks/vis/arrays/vsa16a_p8.smv	memout	
